H508_EV_0	H508_EV_1	H508_EV_10	H508_EV_11	H508_EV_12	H508_EV_13	H508_EV_14	H508_EV_15	H508_EV_16	H508_EV_17	H508_EV_2	H508_EV_3	H508_EV_4	H508_EV_5	H508_EV_6	H508_EV_7	H508_EV_8	H508_EV_9	H508_LSD1_KD_0	H508_LSD1_KD_1	H508_LSD1_KD_10	H508_LSD1_KD_11	H508_LSD1_KD_12	H508_LSD1_KD_13	H508_LSD1_KD_14	H508_LSD1_KD_15	H508_LSD1_KD_16	H508_LSD1_KD_17	H508_LSD1_KD_2	H508_LSD1_KD_3	H508_LSD1_KD_4	H508_LSD1_KD_5	H508_LSD1_KD_6	H508_LSD1_KD_7	H508_LSD1_KD_8	H508_LSD1_KD_9
NEDD4L	ATXN1	CBFA2T2	SLC22A3	HIST1H2BD	MUC17	SLC26A3	PDE4D	PMEPA1	CASC15	KPNA2	AREG	SIDT1	TUFT1	EEFSEC	ARHGAP26	ATXN1	SYNE2	MXI1	ATF3	CRYBG1	LDLRAD3	LRRC59	HMGCS1	KRT18	ATF3	ATF3	CACNA2D1	KIF23	EPB41L2	PPP1R9A	RHOBTB3	LDHA	NEBL	ATF3	MELK
PDE4D	IFRD1	BAZ2B	PDE4D	ARID4B	TMEM45B	RABAC1	NEDD4L	LGALS3	PTPRN2	ANLN	ATXN1	NTN4	NABP1	CEP70	CD44	AL356124.1	MYBL2	ATF3	MXI1	LGR5	MYO7B	HIST1H2BD	ATF3	PTMA	MXI1	NAV2	NOL4	CDC25C	MXI1	OLFM2	UNC13C	PRR11	CDK6	FHOD3	CENPK
ZBTB20	FABP1	MCF2L	AL445472.1	ACVR1B	INSIG1	PHGR1	RUBCNL	ATXN1	PPM1L	KIF4A	NEDD4L	GPCPD1	TNFSF13B	ZNF107	CDK6	HMOX1	NCAPG2	S100A6	AUTS2	OLFM2	VILL	HIST1H2AC	CCNL1	HSPA8	GULP1	ACHE	RIMBP2	KIF11	ATF3	FAM227A	NFAT5	LRRC59	SH3PXD2A	KDM1A	RRM1
TET2	NABP1	PDE4D	NEDD4L	HIST1H2AC	COBL	ZFP36L1	ZBTB20	LAMA3	RIMBP2	BIRC5	FABP1	GPR173	MALAT1	SLC3A2	PTPRD	TESC	TP73	CRYBG1	PTPRR	AC116345.1	SYT7	BMPR2	GULP1	JUND	TBC1D4	LURAP1L	RETREG1	TPX2	TBC1D4	CRYBG1	ATF3	DNAJB6	BCL2L1	CRYBG1	PRKDC
CCDC146	MALAT1	NEDD4L	PCCA	IP6K2	ATP9A	VAT1	AREG	ATP9A	KIAA1211	EEFSEC	LGALS3	FGFR2	MALRD1	IKBIP	BPTF	TNFSF13B	RRM1	KRT18	CPEB4	ZBTB10	IER3	VMP1	PTPRR	ACTG1	EPB41L2	PGK1	KIAA1211	BUB1	CMSS1	TSPAN13	S100A6	SCD	CDH17	PRSS23	FANCI
SLC22A3	CCDC146	CASD1	BIN1	UBXN7	SLC44A1	NQO1	FOXP1	TIPARP	DNAH7	CDCA8	BAZ2B	KCNMB2-AS1	CCDC146	CASP4	PARP8	ENDOD1	PRKCA	C15orf48	GULP1	UTRN	ACSL1	DNAJB6	INPP4B	S100A6	CMSS1	SLC2A12	LRRC49	SMC4	S100A6	ARL13B	C15orf48	FDFT1	PTPRJ	SHROOM2	SKA3
FOXP1	AREG	IL33	TET3	UBN2	FGD4	NAAA	CCDC146	RUBCNL	NBEA	SMC4	RUBCNL	STXBP5	TET2	PRR11	FOXP1	HOXD10	DSN1	LGALS4	CCNL1	MXI1	SAC3D1	VEZF1	EFNB2	FXYD3	LGALS3	FAM126A	GPR173	KIF15	GULP1	KIAA1211	RHOU	SNHG8	FLNB	C15orf48	DIAPH3
RUBCNL	TNFSF13B	SORBS2	AC021504.1	MFSD14C	SLC22A3	MYL6B	SLC22A3	AREG	GNG4	NUSAP1	ATP9A	CASD1	ATXN1	UBN2	MSI2	MSX2	ZNF704	EPB41L2	IFRD2	PPP1R9A	LGALS4	TMEM59	CDKN2B	SNRPD1	ANXA3	LGALS1	TIMP2	AURKB	C15orf48	ZBTB10	CRYBG1	B3GNT2	AOAH	CPLANE1	NCAPG2
CBFA2T2	TET2	CHD6	ATP9A	CDH17	DIAPH2	NOP53	TMEM45B	BCAS4	SYT1	TPX2	PDE4D	AC005833.1	NEDD4L	SP4	BCL11B	TET2	EEFSEC	LGR5	HHLA2	ABAT	UNC13C	PRSS3	HHLA2	DYNLL1	FDFT1	C6orf222	SLC29A4	OIP5	SNRPG	FER1L6	DYNLL1	ING4	SEMA3C	KRT18	TK1
AREG	RIOK3	UTRN	ADD3	VMP1	ZBTB20	SNRPD1	ANXA2	NEDD4L	H2AFY2	KIF2C	ANXA2	KLHL32	CDHR2	STARD4	ARID1A	RASSF6	ANKRD36	TBC1D4	NUDT1	SORBS2	EIF4G1	ARID4B	KLF7	TUBA1C	WDR43	EHD4	TP53INP1	NCAPD2	LEF1	EYA2	G2E3	MVP	CALB1	SNORC	JMJD1C
NABP1	DDX60L	MGAT5	BCAS4	TAX1BP1	TMC4	CALR	AL445472.1	EPB41L2	MAN1A1	ECT2	SLC22A3	WIPI1	ZDHHC11B	MALAT1	NEBL	RAB30	CENPK	CMSS1	TM4SF1	CSRNP3	CEMIP	RRBP1	MYO7B	PSMB3	LGALS4	LRMDA	FAM227A	POC1A	GFPT1	CACNA2D2	AUTS2	KIF4A	LGALS4	B3GNT2	VRK1
TNRC6B	WSB1	KLHL24	VPS13A	LAMB3	PDE4D	TUBA1C	ATXN1	SLC2A1	KLHL32	TOP2A	TET2	PLCB4	FAM155A	PARPBP	AC105460.1	HBEGF	PRKDC	NSMCE4A	CD55	KRT18	SYTL2	FDFT1	DNAJB6	ZFP36L1	LEF1	TDP2	PDZRN3	CDCA8	DNAJB6	SYT17	PTMA	ERLEC1	LGR5	EBP	MND1
ATXN1	NR5A2	CEP126	ENDOD1	CALB1	ATXN1	ADRM1	TNRC6B	TUFT1	RAB30	AURKB	ZBTB20	GALNT8	SETDB2	UBXN7	TSEN2	LEPR	NSD2	LGALS3	LURAP1L	TDP2	STX19	GRB7	SRGAP1	PHGR1	PPARG	HGD	TET1	CDCA2	LURAP1L	SOS2	LDHA	FTH1	MAML2	PEPD	SMC4
AL445472.1	EREG	YPEL1	IFT57	DSC2	ADD3	ACTG1	MUC17	KRT20	CUEDC1	KIF18A	SRSF7	ARFGEF3	HOOK3	HIST1H2BJ	UBE2H	PDE4D	DIAPH3	CCNL1	RHOU	ATF3	EPSTI1	B3GNT2	SPAG9	SNHG8	CCNL1	KRT18	CASC15	KIF4A	ZBTB10	CRACR2A	SAT1	PTTG1	ARHGAP26	NXN	OIP5
TMEM45B	AL445472.1	ATP1B1	CCDC146	FGD4	SEMA6A	PABPC1	GCNT1	MAP1LC3B	RETREG1	NUF2	CCDC146	CBFA2T2	PPP1R3B	MSX2	APP	TBX3	SMC4	ARGLU1	EZH2	PEPD	LARGE2	RHOF	CD55	NOP53	SI	ZBTB10	CYFIP2	ANLN	MACC1	GFPT1	CCNL1	CEP55	VILL	S100A6	SMC1A
MAP1LC3B	SLC17A4	MAP4K4	NEK5	BCL2L1	VPS13A	TFF3	IMPA1	RHOBTB2	PDE9A	MKI67	WSB1	SYT1	PLA2R1	MFSD14C	KDM4B	IDH2	FANCI	ZBTB10	FDFT1	FHL2	TMC4	ERLEC1	LURAP1L	PHLDA2	PEPD	CPLANE1	UGT8	DEPDC1B	AGR2	SIDT1	ACTG1	CLK1	CD44	NAV2	CDC45
BAZ2B	PDP1	RUBCNL	FOXP1	SETX	NEDD4L	GRN	TET2	PLEKHA2	KCNMB2-AS1	CIT	TMEM45B	CADPS	NEDD9	CEP55	CALB1	NCOA1	LIG1	GFPT1	SYT17	B3GNT2	SAMD4A	CEMIP2	FDFT1	RABAC1	SLC7A7	GDPD5	MEGF9	NDC80	ASS1	PCLO	HSPA8	SQLE	EPB41L1	C6orf222	BRCA2
TNFSF13B	FBXO32	NBEA	ATE1	C6orf132	FOXP1	PSMB3	NABP1	SLC22A3	ETS1	KNL1	AL445472.1	MEGF9	RHOBTB3	CSRNP2	MET	TGFBI	NUP58	B3GNT2	GLIS3	NBEA	PUM3	SNHG8	ATP1B3	SNRPB	GLIS3	CRYBG1	NINL	KIF20B	PTBP3	PLCB4	BAZ1A	JUND	S100A6	ACACB	FARP1
MALAT1	BTNL3	ANO1	LIMCH1	SPAG9	ATE1	TMSB10	TUFT1	LAMC2	RNF130	CDCA2	IMPA1	PDE4D	MBNL2	ARHGAP5	LPP	CYP27A1	TK1	SAMD4A	PRKAA2	ANXA3	ACSS2	LDHA	MUC12	TMSB10	TDP2	HIST1H2AC	KLF12	CIT	CRYBG1	RAB32	LARGE2	MYLIP	DACH1	GFPT1	SYNE2
LGALS3	HOOK3	ZBTB20	RHPN2	GALNT7	EFNB2	H3F3B	PHIP	BAZ2B	GPR173	KIF23	THBS1	PTPRN2	DSP	CHD4	FNDC3B	SESN1	NUP107	IER3	SRGAP1	EPSTI1	HEPH	RNF43	ABCB1	JPT1	TIMP3	HSP90AA1	ST6GAL1	MKI67	NUDT1	SLC29A4	SAMD4A	UBXN7	RNF43	PHLDB2	BUB1B
EPC1	SFPQ	GSE1	SMCHD1	DNAJC3	LPP	ATP5MC1	LGALS3	CBFA2T2	RAP1GAP2	SLC3A2	EREG	PPP1R9A	CFAP44	CHORDC1	C6orf132	RBMS1	SKA2	MACC1	KLF7	FAM198B	CCNL1	CDH17	PERP	GRN	ASS1	STIP1	H2AFY2	INCENP	CEACAM1	PEPD	FAM155A	BMPR2	SNHG8	ITPR2	CIP2A
SQSTM1	ZDHHC11B	CADPS	PSMD1	STARD4	GPR160	JPT1	ZC3H6	ZDHHC17	PCCA	BUB1B	SEMA6A	PDE9A	LEPR	KIF4A	CDH17	LBH	CDC45	GAS6	ACHE	ACACB	BRWD1	BCL2L1	CCL20	HNRNPU	NUDT1	ESYT2	FYN	CENPF	S100A10	GALNT5	ACHE	NMU	C1orf21	LIG4	POLQ
SS18	RUVBL1	ITGB8	FGD4	RIOK3	CLHC1	SYK	DNAH7	IL33	F10	CKAP2	ZDHHC17	SIPA1L2	CNGA1	SETX	CDC42EP5	GABARAPL1	MELK	AC116345.1	NHS	PROS1	MXI1	AHNAK	GPSM2	TFF3	ACACB	STT3B	RNF130	NCAPG	FDFT1	PTPRN2	NCOA7	SLC25A25	CEMIP	BHLHE40	MIS18BP1
SETDB2	AC008467.1	DAPK2	RNF217	NBR1	RNF146	HOXD10	BAZ2B	TNFRSF21	FAM227A	PBK	EPB41L2	PRUNE2	SLC17A4	HIST1H2BD	RNF43	CDC42EP3	CTNNAL1	GULP1	HIF1A-AS2	CSTB	ARGLU1	ARID5B	LMO7	FXYD1	EPSTI1	RUNX1	PROC	SPC25	ANXA3	NCOA1	METRNL	HIST1H2BD	ATRX	RUNX1	LIG1
WSB1	AL356124.1	BCL9	FNDC3A	ZNF217	RABGAP1L	DYNLL1	PCCA	IMPA1	NINL	KIF18B	MACROD2	ANO1	BACH1	DDX5	FERMT1	AC003958.2	KIF15	MFSD14B	ATP1B3	MACC1	ISX	CCDC186	RASSF6	CENPW	ZBTB20	S100A6	LNX1	BUB1B	ZC3H12C	CAMK2D	MXI1	METRNL	GALNT5	AGO4	KIF11
IMPA1	CCNG2	SYT1	AC105460.1	OGA	MUC13	IHH	ANXA3	EPAS1	SUSD6	KIF11	MALAT1	QSOX1	ENC1	OGA	MISP	C6orf222	MCM8	PHLDA2	COTL1	LGALS4	DIAPH2	NFKBIZ	MUC13	NQO1	GFPT1	AKR1C3	TUBA1A	KNL1	ERLEC1	TOX	GPX2	CCNB2	KLC4	KRT23	LMNB1
IL33	ZBTB1	SLCO1A2	TMEM45B	NFYA	DNAH7	HSPE1	CBFA2T2	PDE4D	YPEL1	CDC25C	TNRC6B	TOX	LGALS3	PHIP	ADORA2B	AMACR	SLC3A2	FOXP2	TBC1D4	FOXP2	FAM222A	TLE4	CAMK2D	DNAJC4	COTL1	LINC01068	RFX6	PBK	TM4SF1	ATF3	GFPT1	CD46	CDA	NFKBIZ	POC1A
ANKRD12	PDZK1	HPCAL1	ANKRD12	AHNAK	WSB1	JUND	MACROD2	VPS13A	CYFIP2	NCAPD2	BCL9	XRCC5	UNC13C	ZNF92	FOXO3	C20orf96	BRCA2	LARGE2	ALYREF	GFPT1	SLC20A1	LAMB3	MXI1	MTMR11	STXBP6	EIF2S1	HIPK2	KPNA2	TNFRSF21	AGR3	ESYT2	POC1A	FAT1	SEMA3B	SKA2
FABP1	HIST1H4H	EPC1	N4BP2	GRB7	AL445472.1	FDPS	ACTL6A	LIMCH1	MEGF9	PRR11	BCAS4	FBXO32	CBFA2T2	MLXIPL	FGD4	ME3	SMC1A	ACACB	SEMA3B	FSD1L	ZMAT3	ING4	GK	NUDT15	B3GNT2	F13A1	SORBS1	SKA3	LGALS3	MAN1A1	RPL22L1	C1orf116	RAB40B	PLK2	KIF20B
GOLIM4	HPGD	ZNF254	PHIP	LNX1	SMAD3	TMEM106C	ADORA2B	SLCO1A2	PAX4	KIF15	S100A11	COL16A1	SLC6A6	PCF11	NEDD4L	KLHL24	TFDP1	CAMK2D	FAM114A1	S100A6	CMSS1	TSC22D2	PTBP3	PABPC1	LDLR	C15orf48	FARP1	ECT2	NFKBIZ	ANXA13	CA12	ZNF217	GSN	LDHA	ATAD2
SEMA6A	GABRA2	FOXP1	ROBO1	COG3	RUBCNL	HLA-DQB1	EREG	PELI2	PCLO	STAG1	MGAT5	FER1L6	EREG	ITGB6	KMT2C	BACH1	ITGB3BP	PLA2G10	GGH	DHRS3	SERTAD2	STXBP4	S100A10	LCN15	FHL2	OLFM2	DUSP4	CKAP2	EIF4G1	ATOH8	ITGB3BP	HOTAIRM1	DGKD	LRMDA	CBX5
PHF14	CHST11	SLC4A7	IL33	POU2F1	ATP2B1	POLD2	TSPAN3	SERPINE2	FSD1L	KIFC1	CBFA2T2	ZNF704	HNRNPDL	GNAI2	BAZ2B	PYCR1	CDK5RAP2	FOSL1	RBBP8	GDAP1	S100A6	ABCB1	GFPT1	SRSF2	TPM1	CFL2	UBALD2	TOP2A	HMGB3	KIDINS220	IFRD2	SPTAN1	GPX2	NMNAT3	CSE1L
VPS13A	NEDD4L	RAB30	ZBTB20	MET	ANXA2	CENPW	MLLT3	EREG	STXBP4	KIF20B	TSPAN8	GNG4	LMO7	HIST1H2AC	SLC22A23	H2AFZ	CEP295	FSD1L	DNAJB6	ITGA9	TBC1D4	SPTBN1	TRPM6	DEK	FCGRT	MXI1	CADPS	CKAP5	PAM	DOCK4	GULP1	STX19	ACSS1	MDH1	CDC25C
ZC3H6	ATP9A	KIDINS220	PNPLA2	CCDC186	BAZ2B	CYP39A1	RPS6KA6	ANXA2	PHF21A	KIF14	PCCA	SLC22A23	IMPA1	IP6K2	MAML2	SFPQ	SPC25	FDFT1	C1orf116	L3MBTL3	ABAT	LNX1	MYO1D	HLA-DQB1	MEF2D	MXD1	ANXA13	KIF2C	KRT18	ZC2HC1A	LGALS4	NFIL3	ZNRF3	RHOBTB3	TFDP1
ATP9A	ENDOD1	PTTG1IP	SLC3A1	BMPR2	NFE2L3	COL17A1	ATP9A	AC004918.1	TSC22D1	ZNF704	MAP1LC3B	HERPUD1	NEAT1	GPCPD1	SH3PXD2A	GAL3ST1	TYMS	SLC7A7	ASS1	TOX3	BAZ1A	FLNB	SERPINB5	VAT1	S100A11	GNG4	TOX	DIAPH3	GGH	FAM126A	SAC3D1	TMEM59	PDCD4	TET1	CIT
EREG	EHF	AL445472.1	TET2	TSPAN12	MYO7B	ITGA6	SFPQ	TGFBI	MATN2	BUB1	ZC3H6	NCOA1	LINC01006	ASPM	NOTCH1	ATP5MC1	TACC3	PTBP3	RASSF6	SLC7A8	POLD3	ITGA1	AKAP7	HOXD10	FOXP2	GPRC5A	KIAA0355	CEP55	ARGLU1	GNG4	TINAG	CUEDC1	PEPD	RPL22L1	KIF15
SRSF7	SLC22A3	SLCO3A1	CASD1	TGFBR2	BPTF	DEK	PSIP1	MLLT3	UNC13A	DLGAP5	LINC02588	CREB3L2	ENDOD1	FGD4	SLC44A1	MLLT3	NCAPG	GPRC5A	S100A6	ST6GAL1	STRN3	UBXN7	ACSL1	CDKN3	GAS6	PCLO	HEPACAM2	KIF14	SLC7A1	TOX3	SNORC	DLL4	MSI2	TNFRSF19	ECT2
EHF	H2AFZ	FAM171A1	ABHD12	RNF43	SETX	SLC39A5	TSPAN8	MYH9	GPCPD1	AURKA	DMTF1	CHD7	PCF11	RABGAP1L	ANXA4	RUVBL1	KNL1	ESYT2	NSMCE4A	SLCO5A1	FAM214A	NBR1	SLC22A3	IL32	SLC2A1	KRT20	PDE9A	ARHGAP11A	ZBTB20	ULK1	ANXA1	PARPBP	KRT18	CDKN2B	GUSB
RHPN2	PDE4D	ATP9A	ANTXR2	TMEM59	TPMT	SKIL	SEMA6A	ENDOD1	FYN	NSD2	TMEM106B	SESN1	EEF2K	OTUD7B	AKAP13	BCAS4	VRK1	PUM3	PLA2G16	PCLO	LGR5	C6orf132	COBL	LDHA	NSMCE4A	ILF2	SLCO5A1	SKA2	EFNB2	ANO1	GAS6	OIP5	SRGAP1	COTL1	NCAPG
MLLT3	RIMS2	SIPA1L2	DIAPH2	HIST1H4H	TNRC6C	WIPI1	BCL9	FOXP1	INSR	DEPDC1B	H2AFZ	YPEL1	ADIRF	SNHG18	ATRX	SS18	EMP2	RPL22L1	CMSS1	PRSS22	PEPD	FTH1	TBC1D4	TROAP	NHS	CYC1	NCOA1	NUF2	CAMK2D	SMPD3	COCH	CEP70	C6orf132	CSGALNACT1	BUB1
AL513318.2	TJP1	CYFIP2	PTTG1IP	ZKSCAN1	DENND4C	HNRNPU	SS18	FHL2	PPP1R14C	NDC80	RPS6KA6	PLPP1	SLCO2B1	ENAH	LINC02086	DOCK4	ANLN	SRSF7	UTP20	TPM1	NEBL	COG3	INSIG1	S100A2	ATP2B1	HOTAIRM1	CHORDC1	CCNF	MYO1D	HEPACAM2	CMSS1	ZMAT3	ME1	FXYD3	KIF23
ATP1B1	IMPA1	MAP1LC3B	SLC4A7	FBXL20	PTTG1IP	PTMA	INSIG1	SSBP3	MGAT4A	INCENP	FBXO32	MBNL2	SRP54	CENPE	BCL2L1	LRRCC1	BRIP1	ABAT	GPX2	SLC7A7	CA12	MVP	ADGRG7	FDPS	FOSL1	HSPH1	ZBTB10	HJURP	LGALS4	PLXDC2	EPB41L2	MSH6	FSD1L	F13A1	CTNNAL1
MACROD2	KCNH8	SLCO5A1	AC004918.1	HIST1H2BC	CCDC146	DSG2	GPR160	MACROD2	DOCK4	CENPE	CEP126	HDAC5	AL356124.1	POU2F1	MLLT3	CPLANE1	CKS2	EDN1	CPLANE1	ARL4A	RNF43	MSH6	ZBTB20	CALR	ABAT	GULP1	LSM3	CENPE	ATP2B1	AGR2	FSD1L	PMFBP1	CAPN5	GPR161	KNL1
FERMT1	ANXA2	MSI2	CSRNP3	KLF5	HIF1A-AS2	SNRPB	SSBP3	LINC02086	PRUNE2	FAM83D	IL33	LINC01006	H2AFZ	RDX	ROCK2	QSER1	BUB1B	LINC01473	RAP1GAP2	KLF7	PGM2L1	STX19	ME1	SYK	DNAJB6	MACC1	CRYBG1	CD46	PUM3	UTRN	C1orf116	HIST1H2AC	NBR1	FDFT1	NCAPD2
ANXA2	GOLIM4	L3MBTL3	GUCY2C	APPBP2	MACROD2	ACTB	THBS1	AC021504.1	KIAA1324	NCAPG	FOXP1	PPM1L	IFRD1	NFYA	CHRM3	PDP1	DHFR	NUDT1	SRSF7	ST5	FOSL1	ZKSCAN1	S100A6	PRAP1	ZBTB10	TNFRSF21	RAP1GAP2	BIRC5	POLR2L	RETREG1	FDFT1	FXYD3	BCL11B	LBH	NSMCE4A
H2AFZ	ABCA5	AREG	MGAT5	ZSWIM6	PFKFB4	GATA6-AS1	STXBP6	NBEA	DLL1	HJURP	GOLIM4	HPCAL1	SLC20A1	KLF5	MYO7B	RDX	CIT	LINC01559	C15orf48	KDM1A	ZBTB10	ZMAT3	ACSS2	CCDC183	FABP5	KLC4	MARCH8	TTK	B3GNT2	EIF4EBP1	LINC01559	CENPF	FRYL	PMFBP1	PPP1R14C
PCCA	HMOX1	ZSWIM6	SEMA6A	CIR1	RNF217	CCDC183	MALAT1	KRT80	MYLIP	TACC3	CASD1	KCNMB4	SLC26A3	GALNT7	PHF14	TIPARP	PBK	SNRPG	UACA	AGR2	ZNF532	HOXB3	SI	FLNA	KRT18	SPTAN1	PPP1R9A	MIS18BP1	ABAT	CSTB	FXYD3	ARGLU1	AKAP13	RHOU	NDC80
MLXIPL	C3orf52	MEGF9	NABP1	MARCH7	PARP4	TSPAN12	IFT57	BCL9	SETBP1	CCNF	VPS13A	RAB27A	BCAS4	NFIL3	GSN	EREG	LMNB1	RBBP8	B3GNT2	ARL13B	GALNT1	FRYL	KIF16B	CBX5	GPRC5A	LGALS4	KLHL32	SNHG8	PRSS22	JPH1	XBP1	GRB7	LAMB1	PPP1R9A	SPC25
KPNA4	ENC1	MGAT4A	CHD6	NEDD4L	AREG	SRSF2	ATAD5	ZBTB20	NEURL1	OIP5	IARS	NBEA	RHPN2	PAPOLG	KDM7A	NBEA	ZFHX3	ACHE	NR5A2	DUSP5	ASS1	CASP4	NR5A2	ATP5MC1	SNRPG	PNO1	KIAA1324	KIF22	GPRC5A	RASSF6	KRT18	HOXB3	LAMB3	LINC01559	RB1
ACTL6A	C21orf62-AS1	KCNH8	EIF4G1	SETDB2	KIDINS220	HSPA8	PLPP1	SS18	PELI2	ASPM	TUFT1	ANXA13	BDNF-AS	AL136418.1	SEMA3C	IMPA1	GAS2L3	ERLEC1	SAC3D1	RGMB	G2E3	SCD	SHROOM3	S100A4	BRWD1	AC008467.1	UTRN	GTSE1	TUBA1B	LGALS4	RHOBTB1	VEZF1	MYOF	PDGFB	CDK5RAP2
GUCY2C	LINC02023	SQSTM1	MLLT3	SMARCA1	CFLAR	FXYD3	MAP1LC3B	KRT15	MYEF2	SHCBP1	SMARCA1	ISX	ETS2	WDR26	ZNF292	IFRD1	JMJD1C	LDLR	PSMD1	FAM13A	FDFT1	SUCO	IRF8	HSPB1	TSPAN3	OPTN	KCNMB2-AS1	KIFC1	CCL20	XRCC5	LGALS3	LPIN2	NMRK1	AC026471.4	DEPDC1B
S100A10	DPYSL2	XRCC5	DENND4C	PNPLA2	KIAA1109	KLF5	NEO1	SKIL	AMOT	DIAPH3	SS18	SEC24D	PIK3R1	ARID4B	TMEM45B	SORBS1	SEMA5A	GPX2	CENPH	DBN1	SLCO2B1	DSC2	B3GNT2	HNRNPD	LNX1	RASSF6	FAM126A	CBX5	TDP2	GPR173	IER3	CCDC186	CBX5	TDP2	RAD51AP1
THBS1	CADPS	GPCPD1	KPNA4	ITGB6	ANKRD12	MTMR11	PHF20L1	FGD4	RASSF6	SPC25	LSM3	N4BP2	MLLT3	ZNF217	AOAH	CAMK2N1	FNDC3B	FXYD3	PDZK1	FDFT1	LINC01473	SH3KBP1	AUTS2	ESCO2	EZH2	NFE2L3	CA8	ITGA1	FAM13A	SPDEF	SNHG8	NFKBIA	APP	ITGB3BP	ANLN
TSPAN8	GAL3ST1	SORL1	TRPM6	FLNB	SORBS1	MPZL2	DDX60L	RAB30	RIMS2	CENPN	SLCO1A2	AARS	SRSF7	AL031777.3	MAP2K6	NEDD9	KIF4A	LURAP1L	CDKN2B	FCGRT	CALCOCO1	ZNF217	SSFA2	NT5E	KLF7	MYOF	TSC22D1	MELK	FOXP2	FGFR2	ZNRF3	COG3	PRKAR1A	MXI1	TPX2
KANSL1L	XBP1	NCOA1	ANXA2	DDX5	FABP1	TRIM31	ENDOD1	TSPAN8	TIMP2	GTSE1	SFPQ	CEP126	FOXP1	BIRC5	MYO10	PCOLCE2	KPNA2	GLIS3	GFPT1	MAP2K6	MCM6	HS3ST1	MEF2D	LGI4	CLTB	NCKAP5	SFPQ	JMJD1C	WARS	QSOX1	FOS	RHOF	BRWD1	IFRD2	NCAPD3
FBXO32	BACH1	CHD7	ITGB6	EPAS1	SMIM14	DNAJC4	RNF146	CLTB	PLCB4	MDM2	TCP11L2	SPINK4	GOLIM4	BUB1	ARID3A	CBFA2T2	CEP97	PEPD	ATP2B1	CSGALNACT1	KDM7A	ARGLU1	IFRD2	PERP	TUBA1B	PHLDB2	LRMDA	CENPK	PTPRR	SFPQ	ARGLU1	ACTG1	RHOF	PTPN14	BRIP1
CASD1	LRRCC1	TUFT1	DNAJC3	CLSTN1	ITGA6	PIGZ	FBXO32	SORL1	LRRC49	TTK	GK	STMN1	PKIB	ZNF738	LAMA3	CADPS	SKA3	AC106869.1	ACAT1	SPTLC3	NSMCE4A	TAX1BP1	DPYSL2	MCM7	CRYBG1	WARS	MBOAT2	METRNL	NSMCE4A	KRT19	PROSER1	DYRK1B	TSPAN3	SLC7A7	PRKCA
PIK3R1	BCAS4	AC004918.1	DKC1	ARID1A	TET2	TROAP	BACH1	RHPN2	SOAT1	SGO2	INSIG2	ELOVL7	KCNH8	VMP1	SATB2	TCP11L2	CSE1L	CA12	HMGB3	EDN1	WARS	JUND	GABARAPL1	POLD2	MACC1	RHOQ	OLFM2	VRK1	MFSD14B	YPEL2	JUND	CASP4	PRSS3	NSMCE4A	CENPU
CEP162	SNRNP25	EPB41L2	RAB3D	CHD4	NXT1	RBBP4	CSRNP2	FBXO32	SLC29A4	NUCKS1	NABP1	KDM5B	EPC1	DLGAP5	CEMIP	KIF16B	TNFAIP8	DLEU7-AS1	SLC7A1	FOSL1	GNGT1	SPAG9	CPEB4	MPZL2	ITGB3BP	B3GNT2	PCCA	NCAPG2	EDN1	YPEL1	GOLGA2	TSC22D2	METRNL	GABARAPL1	AURKB
SLC3A1	FOXP1	FBXO32	IMPA1	SLC3A2	PTPN22	ZMYND8	TNFRSF21	PTBP3	RAB37	SKA3	STK38L	MAN1A1	PADI2	CCDC186	HNF4A	AMOT	KIFC1	S100A10	C3orf52	GPR160	DNAJB6	NOC3L	EPB41L2	TMEM106C	AGR2	LPIN2	DOCK4	KIF18B	GAS6	ARSB	NETO2	BUB1	TJP3	GULP1	PBK
ENC1	THBS1	ATXN1	RPS6KA6	EEFSEC	SLC3A1	SNORC	LAMC2	PRAG1	GPRIN3	DBF4	KDM4B	MYO1D	VPS13A	HSPB1	TMC4	CALR	NCAPH	UGT8	INPP4B	RAB40B	SLC7A7	SLC25A25	TM4SF1	LINC01559	DDX10	RFC2	MAN1A1	PRR11	ESYT2	AC005833.1	FOSL1	STXBP4	PERP	CENPH	EZH2
SYT1	HIF1A-AS2	SLC22A23	TNRC6B	CWC25	IGF2BP2	S100A4	TRIM24	AL445472.1	LAMB1	CDK5RAP2	AC004918.1	F10	RIOK3	CALR	PLCD3	SLC5A12	PDS5B	SAC3D1	EPSTI1	PRR15L	DPP4	ALCAM	FOSL1	TMPO	ACHE	SLC7A7	PTPRN2	CNTRL	GCLC	GSTA4	GPRC5A	FOXP4	GAS6	RASSF6	TTK
SYNCRIP	RAB30	LAMC2	ESCO1	SMIM31	MUC12	KLF3	ANTXR2	MAP4K4	STXBP5	PRKCA	ZBTB1	JMY	PELI1	ARRDC3	GNE	CEP162	FNIP2	SAT1	GPSM2	PALLD	CEACAM6	LIPG	TSPAN1	MYL6B	GPR160	HMGB3	KDM1A	LMNB1	MYO7B	HBP1	DNAJB6	HSPA8	RALGAPA1	PTBP3	KIFC1
PHIP	ZFP36L2	EREG	JDP2	CNNM2	ATAD2B	SNX6	SMIM14	PPIL1	ANXA13	TGFBI	TMEM200A	PCLO	MEP1A	DNAJC3	ATP9A	PNRC1	HMGCS1	AGR2	NFKBIZ	RAP1GAP2	KDM1A	ME1	ITGA2	CAB39L	ALYREF	ANXA3	PLXDC2	NCAPH	LSM3	SYTL5	BHLHE40	NFKBIZ	ITGA1	ZBTB10	SNHG8
PCF11	PADI2	TSPAN5	PHF14	PDK1	KANSL1L	HSPB1	NEK11	ITGB8	PHF20L1	CEP295	ATP1B1	BCLAF3	CHST11	CCT3	SETDB2	ZFP36L2	FNDC3A	MDH1	MACC1	FAM227A	AC116345.1	SESTD1	TMEM236	H3F3B	SRSF7	LAMC2	CBFA2T3	NUCKS1	KRT20	CAPN5	UGT8	CLSTN1	LINC00483	FAM155A	ZNF704
BCAS4	IDH2	OLFM2	CBFA2T2	RMND5A	APPBP2	BPTF	FABP1	WSB1	MARCH8	HIST1H2BJ	AC021504.1	TMCO3	WSB1	RBBP4	PRSS3	LEF1	PARPBP	IFRD2	KDM1A	NAV2	CRYBG1	METRNL	MAML2	FTH1	VILL	ZDHHC17	RHOU	FXYD3	DCTPP1	RBMS1	PPP1R3B	CDC25C	UBE2H	UBE2T	ARL13B
MBNL2	TCP11L2	SSBP3	EEFSEC	MLLT3	ATP1B3	NT5E	KPNA4	AMIGO2	KCNMB4	PARPBP	MAFF	KRT19	TMEM45B	SLC25A25	ITGA2	ARFGAP3	BAZ1B	EPSTI1	SNRNP25	ADD3	GCLC	C1orf116	KLF3	BUB3	S100A6	IRF8	UBE2Q2	LDHA	ACHE	TET1	PSMB3	HMGCR	DENND4C	SYT17	HACD3
ZDHHC17	BAZ2B	FHL2	ACTL6A	AFF4	HNF1B	RND3	PHF21A	ATP1B1	RBMS1	NUP107	ENC1	BAZ2B	AREG	ATF7IP	POF1B	ANKRD37	ECT2	SQSTM1	ITGB3BP	SLC2A12	EPB41L2	FOXO3	ARAP2	RNASEH2B	SYT17	SPTBN1	CPE	NUSAP1	RAI14	KDM1A	NSMCE4A	ZNF92	NOTCH1	DOCK11	MKI67
PTTG1IP	SORBS1	ELOVL7	SLCO2B1	FAM84A	NDRG1	ID2	TIPARP	FABP1	PTK7	CKAP5	C21orf62-AS1	WSB1	FABP1	TMCO3	FAT1	AL445472.1	TGFBI	POLR2L	STIP1	CUEDC1	ZDHHC17	ACSS1	EMP1	ARL6IP1	ILF2	LARGE2	CAB39L	NSMCE4A	MUC12	ST6GAL1	SYTL5	CEMIP2	GULP1	PDZK1	ASRGL1
ATAD5	NCL	ZDHHC17	EPC1	PRR15L	MYO1D	TMSB4X	SNRNP25	SFPQ	GAL3ST1	GAS2L3	BOLA3	MDK	FERMT1	CWC25	DACH1	ANXA1	TPX2	WARS	SI	MIR181A2HG	HES1	S100A6	RBBP8	METRNL	LGR5	PLK2	MUC4	TACC3	PDIA4	ERLEC1	LINC01473	VMP1	SRM	HNRNPR	CHEK1
SFPQ	EMP1	CCDC146	CAPG	PMEPA1	THBS1	PERP	CLTB	SLC36A4	MACROD2	TP73	ACTL6A	RAB37	SFPQ	EPAS1	VPS13A	RIOK3	KIF23	ALDH18A1	TUBA1B	STK38L	PDGFB	C6orf223	SMAD3	ELOVL6	ARL4A	CDKN2B	YPEL1	KIF18A	FOSL1	KIAA1324	HES1	KIF20B	ASPHD1	CYC1	NSD2
INSIG2	NEK11	HMGCS2	PLCD3	SPTBN1	FNIP2	LIPG	HDAC5	PHF20L1	ZSWIM6	IKBIP	PELI2	KIAA1211	PRPS2	SESN2	EEFSEC	TIPIN	KIF18B	ASS1	PYCR1	NINL	INPP4B	CD46	PLCE1	PSMB6	C15orf48	PTBP3	HID1	GFPT1	ATP1B3	MBOAT2	ZNF532	SPDL1	MCM5	PLA2G16	CMSS1
BRCA1	SRSF7	KDM4B	GALNT1	SDC4	ARFGAP3	TMPO	EPS8	TMEM45B	ARRDC3	CENPF	KRT20	CAPN9	ZNF280D	PRSS3	CNNM2	ADGRG7	CKAP2	AKAP7	FAM155A	C6orf222	RBBP8	CREBRF	SLC12A2	RBBP4	RBBP8	ANPEP	CALCOCO1	CCNA2	SAC3D1	RDX	EBP	MT2A	TSEN2	CTSV	PEPD
PCMTD1	ZC3H6	TET2	MAP1LC3B	DMTF1	PCF11	S100A2	BCAS4	MCF2L	UTRN	CIP2A	TNFSF13B	SOAT1	DMTF1	TOR1AIP2	RHPN2	FABP1	BLM	TUBA1B	SHROOM3	SQSTM1	B3GNT2	VAV3	HIF1A-AS2	LINC01268	PPP1R3B	DST	GPRIN1	STAG1	LARGE2	PSAT1	PLA2R1	FCGRT	CRYBG1	RHOBTB1	ITGB3BP
TUFT1	PRPS2	KLF4	KCNH8	PSAP	MARCH7	PROSER1	ANKRD36	H2AFZ	KLK12	HMMR	IDH2	PLA2G10	IL33	CREBRF	RNF217	TNFRSF19	POLQ	ZNRF3	IRF8	UBE2Q2	MVD	RAB40B	DIAPH2	CTSS	PARP1	KRT80	BLMH	BORA	LINC01473	KCNMB2-AS1	SYT7	PRSS3	FAM222A	SMIM2-AS1	CEP55
NEK5	RAN	MYO1D	BPTF	PKDCC	NABP1	S100A6	MISP	TMEM47	PPP1R9A	SKA2	LIMCH1	ZNF280D	ZBTB1	LCA5	DENND4C	SETDB2	NUSAP1	PPP1R3B	CEACAM6	ZMAT3	GAS6	CDKN2B	NSMCE4A	PAPSS2	AUTS2	GCHFR	SPDEF	SPDL1	SAMD4A	DPP4	SRP54	SRSF2	GPA33	IRF8	WDR76
DDX60L	CSRNP2	PDE9A	DDX60L	DENND4C	SNHG18	SLC3A2	GNAI2	ANXA3	CYP27A1	KIF20A	RNF146	FCGBP	PMAIP1	IFT57	DAPK2	AL513318.2	CIP2A	DYNLL1	COBL	CMSS1	SLCO1A2	LATS2	ALYREF	CCT3	FAM198B	HIST1H2BD	ERLEC1	CDK1	MYOF	LNX1	HNRNPDL	ACTB	ZMYND8	GPSM2	NCAPH
DENND4C	NEK5	SS18	AL513318.2	ARID4A	LIMA1	HNRNPD	SMIM3	TET2	CLK1	NCAPH	BRCA1	SLCO5A1	SMIM14	PHGR1	PCMTD1	PMAIP1	EZH2	GPR160	WDR43	TSPAN13	FAM227A	BRWD1	BHLHE40	KDELR3	PARM1	SUN2	USP14	SHCBP1	IFRD2	RAB30	POLR2L	PPP1R14C	BHLHE40	MYEF2	ACAT2
ZBTB1	TRIM24	ST6GAL1	RABGAP1L	ZNF92	KPNA4	PARP4	PTTG1IP	DDX60L	CBX1	DEPDC1	AL513318.2	PRKCA	RIMS2	ACTB	IGF2BP2	CHST11	CDC25C	STRN3	MTHFD1	RPL22L1	PJA2	CDCA7	LAMA3	PPP1R14A	LURAP1L	FDFT1	ELOVL7	PEPD	WDR43	UGT8	RFC4	S100A6	BRWD3	PTMA	CAMK1D
TIPARP	TESC	LGALS3	BAZ2B	CASP4	SLC20A1	MCM7	HMOX1	NABP1	SHC2	IARS	TNFRSF21	ULK1	STRN3	MYLIP	INPP4B	BAMBI	CENPN	TDP2	PTMA	COTL1	WDR43	ARID4A	FOXP2	DDT	CYC1	AC106869.1	ISG20	MDC1	CYP2B6	CASC15	SPINK1	CES2	PTPRD	MYT1	CDCA8
GNAI2	INSIG1	ADAMTS6	RAB27A	TRIM38	SLCO2B1	ESCO2	NCL	MUC12	ARSB	FOXM1	PHF14	PRKACB	CCDC175	CIT	CLMN	WDR78	ASRGL1	SLC20A1	TCP1	LRMDA	ITGA2	LCA5	MACC1	LGALS1	RFC4	EDAR	SUN2	PTTG1	SVIL	FAM171A1	DSCC1	CIT	PLCE1	METRNL	CDK1
BCL9	SETD2	SLC44A1	ANKRD36	LIPG	LINC02086	PRAP1	BRCA1	KIDINS220	CEP170	POU2F1	AC008467.1	HBP1	TUBB	SLC26A3	SETX	TNFRSF11B	MKI67	ANXA3	SAMD4A	TET1	EMP2	TEAD1	VILL	MT2A	FZD3	GAS6	SYT17	CIP2A	LGR5	FAM214A	CYB5B	AL031777.3	DYRK1B	AL138689.2	ITGA1
SLC26A3	PARP1	PMEPA1	NFIB	CEP97	BTNL3	FAM84A	ENC1	SQSTM1	KIAA0355	BORA	GCNT1	DNAJC3	CNKSR3	NUAK2	POU2F1	NR5A2	MMS22L	HMGB3	CYC1	EPS8	KRT18	FOSB	MUC17	TNNC2	TM4SF1	FAM214A	ASAP3	FOXM1	RMND5A	KCNMB4	PHLDA2	ACSL3	ST6GALNAC1	ACTG1	LDHA
DNAJC3	AHNAK	SKAP2	ANXA4	UBL3	AC105460.1	FUT11	TCEA3	RND3	CHORDC1	LMNB1	DDX60L	UACA	S100A10	C9orf16	ANKRD12	RBBP4	MND1	PTMA	HNRNPA2B1	SMOC2	AKAP7	MFSD14C	SMG7	TSPAN1	LIG4	FHOD3	ETS1	ACSM3	PEPD	KDM5B	ARHGEF38	ACSL1	VSNL1	SLC2A12	TYMS
MUC17	HSD17B2	TMEM106B	CEP126	PRR15	CD55	ZBTB1	CBX1	ROCK2	SESN1	RPS6KA5	GNAI2	CAMK2D	CADPS	APPBP2	AP002884.1	WDR26	SHCBP1	TSPAN13	CLTB	GALNT1	USP54	PRR15L	PRSS3	HSPE1	STIP1	AKR1C2	SELENOP	NSD2	SOS2	RAB37	PDZK1	LCA5	BMPR2	DOCK4	ASF1B
IDH2	PELI1	PRUNE2	ADAMTS6	PNRC1	PIK3R1	PHLDA2	SLC46A1	BCLAF3	ZNF280D	NUP58	PMEPA1	NEDD4L	NEK5	CEP97	E2F3	GABRA2	GUSB	ZBTB20	NCL	CHD6	PTPRJ	HMGN2	CEACAM6	CXCL5	STT3B	ARL13B	CYP2B6	TTF2	CCNL1	CA8	MALRD1	ZNF431	TNFRSF11A	NFIC	WDR34
PIGZ	SERPINE2	WSB1	FAM83B	MVP	SLC38A2	LCN15	H2AFZ	PLS1	TET1	CKS2	PAG1	H2AFY2	KIAA1217	FAM177A1	RFX3	RHOBTB2	CEP78	LPIN2	GCLC	GDPD5	FSD1L	PCSK9	SEMA3B	NPW	CNN3	CEMIP2	MDM2	HMMR	GALNT1	MUC4	NUDT1	HMGN2	CXCL5	LYAR	NUP58
ADIRF	MSX2	N4BP2	BACH1	FAM110C	PDS5B	HNRNPA3	CCDC175	LRMDA	TUBB	CEP55	LRMDA	EGLN3	MYH9	CENPF	SYT1	PARP8	VMP1	NR4A1	KRT18	EBP	PLA2G10	SHF	MBNL2	CYP39A1	RAI14	TIMP3	TLE3	MZT1	HSP90AA1	MDK	VIPR1	C1QTNF1	VMP1	DHRS3	FOXM1
ROBO1	SYNPO	ANTXR2	DNAH7	SLC6A6	HMGCS1	HNRNPDL	GOLIM4	ADAMTS6	UBALD2	ARHGAP11A	ATP1B3	NXPE1	ARHGAP18	CDCA7	TET3	ITGB3BP	DNMT1	C1orf116	EPB41L2	GULP1	EDN1	SPTAN1	TUBB	CHEK1	PUM3	NUDT1	ING4	DLGAP5	SI	PDZRN3	FTH1	CDCA7	PARM1	EDAR	CKAP5
FOSL2	ATAD5	CUEDC1	PARP8	GATA2	MBOAT1	GPX8	DENND4C	PPP1R3B	SHROOM3	DSN1	SSBP3	CLIP2	TBX3	PTPRD	ACOT11	NKD1	ACAT2	SNRNP25	PRSS23	DPYSL3	PALLD	UGT8	ABAT	GATA6-AS1	CAMK2D	KLF7	TEAD1	PPP1R14C	AARS	DHCR24	EREG	ZNF107	TEAD1	GLIS3	MCM8
ENDOD1	TMEM45B	SFPQ	KCNQ1	IL6ST	RHPN2	TOP2A	ATP1B3	MPIG6B	MAP4K4	CCNA2	SYNCRIP	SWT1	PCK1	ZNF431	SLC22A3	ZBTB1	NUCKS1	ARHGEF38	SNRPG	NFKBIZ	DMKN	MCM5	PAG1	MDC1	MIR181A2HG	ABAT	SETBP1	CSE1L	PHACTR3	ELOVL7	AMACR	RLF	SLC12A2	PARP1	SMC2
RPS6KA6	LIMCH1	PPP1R9A	SS18	ATP1A1	LAMA3	CCT3	ATAD2B	N4BP2	DPP4	ZFHX3	SLC3A1	SMIM14	MAP1LC3B	KIF14	KLF12	CSRNP2	NUF2	BAZ1A	BARD1	MFSD14B	LIG4	TNFRSF11A	UGT8	COCH	EDN1	PJA2	SOS2	NAV2	MTHFD1L	HOTAIRM1	HEATR5A	CCL20	FOXO3	PSMA7	WDHD1
PHF21A	PLA2R1	KRT20	TSC22D1	KDM5B	ABHD12	SNHG8	SKAP2	THBS1	SLCO5A1	CEP78	EPAS1	MUC2	CSRNP2	MDM2	MLXIPL	SRSF7	MCM3	GGH	SYTL2	KRT80	RAB40B	PPM1G	AC106869.1	SNORC	SYNCRIP	MARCH8	PGM2L1	CENPJ	KLF7	TP53INP2	HNRNPD	KLF5	FXYD3	MACC1	CENPJ
DNAH7	SLCO2B1	BACH1	NEK11	MCM3	SMIM3	FTL	SPAG1	TESC	NCKAP5	NCAPG2	EIF4G1	PCCA	GPRC5A	SLC44A4	WDR60	PDZK1	IL33	EZH2	ILF2	AMOT	MGLL	HOTAIRM1	RABGAP1L	SLC39A5	HMGB3	ISG20	NEO1	CRYBG1	FAM214A	NCKAP5	TBC1D4	CREBRF	C1QTNF1	CERS6	FXYD3
BACH1	P3H2	CSRNP3	SLC22A23	SESN2	MALAT1	ZNF107	AC004918.1	GOLIM4	ARL13B	ARHGAP5	DMKN	BCL2L11	NEB	FNBP1L	NT5E	C3orf52	RB1	PROS1	LSM4	ING4	MVP	FOXA3	GCLC	GSTP1	MDH1	PRAG1	ARRDC4	AL031777.3	SDC1	ISG20	S100A10	MYC	RNF217	FOSL1	CEP295
WDR26	BOLA3	BDNF-AS	SIPA1L2	WDR26	SDCBP2	METRNL	ITGB3BP	WDR34	ACSL3	AL031777.3	GPR160	ZNF254	NUBPL	HMMR	LEMD1	WSB1	AURKB	PRR15L	TJP1	RAI14	BRWD3	ZSWIM6	IARS	IHH	AC026471.4	PDCD4	VPS13C	PARPBP	LAMC2	SIVA1	TCOF1	AKIRIN2	IL18	CMSS1	CRYBG1
ZNF780B	CNKSR3	HERPUD1	MGAT4A	SPINK5	LXN	KLHL24	PHF14	CHRM3	DIAPH2	SNHG18	PAM	SFPQ	PLXDC2	NFKBIA	PLCB4	KCNH8	MTHFD1L	LDHA	CBX1	MCF2L	CKS1B	CYTH1	EPSTI1	ZNF217	PRSS22	FSD1L	TSPAN5	UACA	AKAP7	CBX1	DCTPP1	EAPP	INPP4B	CPEB4	MYBL2
NCL	NEDD9	BCLAF3	ARID1A	SSBP3	NEK5	UQCC2	ATP1B1	ASNS	MYT1	ANKRD36	WDR34	ABCA5	SNHG18	CAPG	PLCE1	TUFT1	PHIP	SYT7	CMC2	GBP2	SLC26A2	KLC4	TJP1	MCM4	EIF4EBP1	PYCR1	CASD1	ASPM	COTL1	CASD1	SLC7A1	YIPF4	MYO7B	EPSTI1	NUCKS1
CFLAR	GIPR	SESN1	CLHC1	IFT57	CDK6	RIF1	BOLA3	NEDD9	SKAP2	CALR	MCF2L	NINL	TUBA1B	H3F3B	RAB40B	EDAR	BUB1	MIR181A2HG	TRPM6	PRKACB	PRUNE2	DYRK1B	CFTR	CCNB1	EMB	DOCK11	CNTRL	TMPO	CENPH	KLF4	IL32	AGR2	SATB2	LURAP1L	CD46
MISP	EIF4EBP1	LEPR	KDM4B	PHC2	MEGF6	IGF2R	RAB3D	PLCD3	MAP1B	ATE1	DNAH7	CHORDC1	ANXA1	SIPA1L2	FOSL2	SIVA1	MFSD14C	TINAG	PSMA7	CCNG2	DCTPP1	PPP1R14C	UACA	DLL4	RAB40B	RHOU	ZNF92	SMC2	DUSP5	LRRC49	CBLB	NMNAT3	JUND	CSTB	MDC1
