HT29_EV_0	HT29_EV_1	HT29_EV_10	HT29_EV_11	HT29_EV_12	HT29_EV_13	HT29_EV_14	HT29_EV_15	HT29_EV_16	HT29_EV_17	HT29_EV_2	HT29_EV_3	HT29_EV_4	HT29_EV_5	HT29_EV_6	HT29_EV_7	HT29_EV_8	HT29_EV_9	HT29_LSD1_KD_0	HT29_LSD1_KD_1	HT29_LSD1_KD_10	HT29_LSD1_KD_11	HT29_LSD1_KD_12	HT29_LSD1_KD_13	HT29_LSD1_KD_14	HT29_LSD1_KD_15	HT29_LSD1_KD_16	HT29_LSD1_KD_17	HT29_LSD1_KD_2	HT29_LSD1_KD_3	HT29_LSD1_KD_4	HT29_LSD1_KD_5	HT29_LSD1_KD_6	HT29_LSD1_KD_7	HT29_LSD1_KD_8	HT29_LSD1_KD_9
EZR	EIF1	MID1	PLCB4	ARID4B	TOP1	KRT20	TRIB3	EIF1	DNAH7	KPNA2	FNDC3A	SSBP3	PELI1	CEP70	KRT20	B2M	EZH2	TM4SF1	DDX10	FIRRE	DACH1	BMPR2	SLC7A11	SAT1	PRSS3	ITGAV	MYO1B	NDC80	MALAT1	GPR173	KLK10	KIF4A	IFI44L	HIST1H2AC	FANCI
KRT20	GSN	RALGAPA2	MTSS1	HOXA11-AS	ANKRD12	BPTF	ANXA2	GSN	RGS7	BUB1B	CDKN2B	KLK12	TSC22D1	ZMYM1	BPTF	PDK4	FANCI	DDX10	KLK10	KIAA1211	SOX6	DDX58	IBTK	KLK10	CMSS1	LAMC2	TXNIP	NUF2	HDAC9	NREP	TM4SF1	CEP70	ZBTB20	KLK10	MYBL2
PELI1	PLAUR	FHL2	SORBS2	CD46	FTH1	EIF1	SDCBP	HDAC9	KCNH8	NUSAP1	TOP1	TNFRSF11B	KLF5	PARPBP	PER2	STAT2	E2F7	ZBTB20	NCL	DDX10	ATP11C	CREB3L1	ANKRD29	ANXA13	GMDS	DLGAP1-AS2	TEX9	ANLN	VMP1	PDZRN3	HIST1H2AC	CEP55	ROR1	HIST1H2BC	ATAD2
FOSL1	KIF22	AC104574.2	SCN9A	ACTB	GRB10	FDPS	MRPS6	SPTBN1	CSRNP3	KIF20B	MALAT1	AC018618.1	RHOU	LINC01572	ALDH1A1	TSPAN1	SKA3	TM4SF4	GALNT5	ZBTB20	FIRRE	AHNAK	FAM102A	CFTR	MSN	ANXA1	TOX	KNL1	TAF15	LINC00261	SEMA3A	CIT	FRAS1	TUBA1A	NCAPG2
RHOU	FBXO32	LINC01006	TOX3	RHOF	RASSF6	SELENOW	ANXA5	ANO3	DNAH5	NDC80	RASSF6	SH3PXD2A	DNMT3A	ARID4B	SLC16A4	MX1	NCAPG2	PLA2R1	FAT1	SLC38A11	SPATA17	SLFN5	ANXA13	NEB	SKAP1	LIPH	SLC16A7	CNTRL	CD55	JAKMIP2	MUC16	KIF14	CYP39A1	TRIM22	DIAPH3
TIPARP	DDX39A	SLCO5A1	KCNH8	FAM210A	MGAT5	SSR4	TOP1	PLA2G4C	ATP8A1	ECT2	COL16A1	KDM7A	UFM1	IFT122	S100P	OASL	ITGB3BP	NEB	LINC00685	LINC01006	DAB2	HSD17B2	NFKBIA	STAT1	TTC3	HDAC9	GPR173	KIF23	CXCL8	ASPH	BACH1	BUB1	SLFN5	SYNE2	TUBA1B
ODC1	SIRT2	MAML3	COBL	AC103702.2	ANXA5	EEF1A2	FAM210A	ASNS	IRAK1BP1	KIF4A	GPCPD1	MID1	PTPN13	HSP90B1	MUC13	RPS6KA2	BRCA2	SLC38A11	SAT1	ATP1B1	FMNL2	MET	MVD	ARSE	EPS8	SH3KBP1	NAV1	BUB1B	HKDC1	AC104574.2	MBNL2	KNSTRN	SEMA3C	ACOXL	RRM1
SLC2A1	ITPKC	LAMB1	FNDC3A	SLBP	TMEM41B	GOT1	SULT2B1	B2M	ZNF618	GOT1	TAF15	LINC00261	WWOX	KIF4A	KRT18	BATF2	FHL2	LMAN1	TSHZ2	ARHGAP24	PLCB4	OAS3	PYGB	KRT8	CDA	MAP1LC3B	LINC00261	KIF4A	MYOF	SHANK2	ROR1	LINC01572	SLC38A11	PARP14	LIG1
ITPKC	CYP3A5	SLC4A7	GRB10	ARID4A	KLF5	AFF4	GOT1	AC008736.1	SORBS2	KIF18A	ADAM17	KCNH8	IGFL2-AS1	TUT4	PELI1	AC008736.1	MYBL2	LINC00685	IFRD1	IL4R	DNAH5	MLXIP	TMPRSS4	TAF15	RELB	TFPI	ROBO2	AURKB	CDKN2A	LINC01006	HIST1H2BC	GPSM2	SYNE2	ABCA1	MELK
MAML3	SSR4	MAGI1	PARD3B	FOXO3	BHLHE41	CTTNBP2NL	ARF4	ZFAND2A	TTLL7	EZH2	KLF5	DACH1	TIPARP	CD46	CHD2	EMP1	DSCC1	SLC29A4	MYOF	GMDS	CREB5	HOXB-AS3	NFKBIZ	DDX10	SH3KBP1	MXD1	CACNA2D2	TPX2	NFKBIA	NTN4	ACOXL	DDX10	CFTR	BACH1	CDC45
MUC13	PLXDC2	KLHL24	ATP11C	SMARCA1	MRPS6	ITGA6	CEBPG	PPL	FOXP2	TPX2	SEC61A1	MAML3	ACOXL	PDE3B	GPX2	NLRC5	LMNB1	ODC1	IBTK	MAP4K4	DNAH7	TNFSF10	TTC3	B2M	MCTP1	RELB	KDM7A	CIT	ATP9A	INSR	B2M	ALDH7A1	PLD1	MDK	CENPK
TSC22D1	TSC22D1	TUT4	ZNF260	CBX5	PSME4	TOP1	FNDC3A	COL17A1	IFT81	SKA2	PNPLA8	TOX	LAMA3	IKBIP	FRAS1	DDX58	ISG15	EDN1	SLC7A11	PDZRN3	KIAA1549	ACTB	UACA	MX2	SP100	SEMA3E	ASPH	STIL	HIST1H2AC	KDM7A	GRAMD1A	HMMR	DDX10	TNFSF10	SKA3
HBEGF	SELENOW	PHF21A	ZNF737	DHCR24	SDCBP	GFPT1	SNX9	TM4SF4	KAT2B	PDS5B	BHLHE41	SORBS2	EHF	SMARCA1	MYCBP2	HSH2D	RIF1	AC019197.1	NFKBIA	GALNT7	ARHGAP24	SLC1A5	CD55	NASP	IBTK	COL17A1	LINC01006	BUB1	NEBL	PLCL2	TUBA1A	CNTRL	RNF213	SAT1	CENPU
CD55	TRIB3	STXBP4	SOAT1	SEC61A1	ATP9A	SERPINB1	SIRT2	DNAJC12	MATN2	ITM2B	DNAJB9	NBAS	SELENOW	ARID4A	MAML3	GABPB1-AS1	MTHFD2	PLK3	NFKBIZ	AC019197.1	HEPH	RRBP1	MYRFL	SYNE2	ANXA2	TCP11L2	SLC29A4	SKA2	PLA2G4C	SLC16A7	RGCC	CCNB2	ALDH1A1	SAMD9L	NCAPG
BPTF	HYOU1	CHRM3	KIAA1549	JMY	FNDC3A	RHOU	TTC39A	DST	TOX	GAS2L3	PSAP	ABL1	NR2F1	IP6K2	IFT81	HERC6	DIAPH3	KLK10	HNF4A	TUBA1A	DDX10	ARID4B	DDX10	SAMHD1	PKIB	VMP1	ST6GAL1	CEP55	AP001453.2	FIRRE	GNE	DEPDC1B	UTRN	GRAMD1A	CNTRL
NEDD9	TOP1	AC018618.1	ST6GAL1	ONECUT2	SLC38A1	PERP	SDCBP2	C17orf75	DACH1	KIF23	SEL1L	PDZRN3	LRIG1	MYEF2	GATA2-AS1	IGFL2-AS1	LRP6	ENC1	CYP3A5	SORBS2	SHANK2	SAMD9	MIR222HG	PLEKHH2	CAST	NFKBIA	GOLT1A	DIAPH3	ITGAV	RGS12	SLC14A1	NUF2	HOXB-AS3	IFIT3	TK1
CTGF	SEL1L3	TNS3	LINC01184	BMPR2	ADAM17	CFTR	PNPLA8	QPCT	SSBP3	EEFSEC	GOT1	MARCH3	KIF3A	KIF18A	TRAF3IP1	MAST4	TYMS	EPSTI1	PLA2R1	NREP	CADPS2	TMEM140	BCAS1	RFC2	DDX10	MYOF	NTN4	TTK	DNAJC9	SLCO5A1	RNF24	PTTG1	SIL1	ZBP1	PRKDC
KRT18	ALPK3	AUTS2	AGR3	FAT1	NAMPT	HNRNPU	NDRG1	NFKB1	ADAM22	CDC25C	HYOU1	CBFA2T2	MAML3	CBX5	AGR2	ZBP1	RAD51AP1	FAM13A	PLD1	PLCL2	ZBTB20	ARHGAP23	SMIM31	IKBIP	CAPN2	KLK6	JAKMIP2	CENPE	XRCC4	CGNL1	CLEC3A	CENPE	MYH14	TFPI	ANLN
AGR2	GOT1	CPLANE1	HNF1B	AFF4	DST	EZR	ANXA3	TFPI	KIAA1211	TOP1	ANXA5	CA8	ITPKC	SLBP	COBLL1	KRT19	CEP152	HEPH	CXCL8	SCG5	KCNK1	SLC12A2	CYP3A5	GALNT7	USH1C	TMCO3	PGM5	ARHGAP11A	PRSS23	SLC44A5	SERPINE1	CENPF	SLC12A2	RSAD2	SMC4
CHD2	XBP1	KLK12	ITSN2	CHD4	PSAP	GUSB	CTH	CDKN2A	ENPP2	NCAPG	ATP1B3	CSRNP3	PPP2R3A	CCNB2	ITM2B	KLF10	KIFC1	PLD1	MVD	DNAH5	C20orf96	IRS2	TAF15	CTSS	NCL	LCN2	SLC38A11	KIF11	TMEM41B	TEX9	ABCC4	ITPR2	FRY	WWOX	RAD51AP1
S100P	LAMB3	DNAH7	FAM210A	ROCK2	ACSL3	PNPT1	SMCHD1	LAMC2	TOX3	FNDC3A	AFF4	AC104574.2	BHLHE41	MZT1	AC103702.2	DDX39A	RRM1	FRAS1	EPSTI1	ICK	PLA2G4A	CBX5	ATP9A	TTR	PTGR1	KLK10	IRAK1BP1	PLEKHH2	TXN	CACNA2D2	SQLE	PARPBP	ST3GAL1	ATP9A	TYMS
PER2	PDK4	TRAF3IP1	SPTBN2	MIRLET7BHG	GCLC	IFI6	GRB10	MYOF	RETREG1	CBX5	LYST	PALLD	KRT80	AC103702.2	CD55	IFIH1	BUB1B	ADAMTS6	HMGA1	GNE	KCNH8	ONECUT2	MSN	BORA	MPC1	ABHD2	PLPP1	ALDH7A1	EIF5	DACH1	FRY	ASPM	LIMCH1	ANKRD29	ZDHHC14
ATF3	CBFA2T2	GDF15	CREB5	ID2	DBF4	MAML3	TRIM24	LCN2	CXXC4	INCENP	NEAT1	MAGI1	KRT20	CIT	MUC12	EIF1	ATAD2	ETS2	RABGAP1L	FKBP7	ZNF253	PMPCA	ME1	PLA2R1	CXCL8	NRP1	DECR1	SMC4	RELB	IFIT1	LINC00920	DEPDC1	BCAS1	IFIT2	RAB27A
FHL2	TCEAL9	CHD6	SOS1	BAZ1A	SQSTM1	TKT	BLVRB	CLRN3	TNFRSF11B	DEPDC1B	ANKRD22	PLCL2	LGALS3	TLE4	NR2F1	CLPTM1L	XRCC2	S100A10	ODC1	AK9	ZNF66	UBN2	PKIB	GDA	HDAC9	IGF2R	ZNF737	ECT2	DEK	LNX1	INSIG1	MCTP1	BRWD3	SEMA3A	DUT
AREG	RARRES1	FGFR2	FER	IP6K2	YPEL5	ITPKC	LGALS4	TUBA1C	CCNJL	QPCT	NDRG1	TMCC1	NAT14	FAM210A	DOPEY1	WNT2B	NSD2	TRIB1	TTC3	SOX6	TBXAS1	IFIT3	SEMA3E	CBR4	ANXA13	ZSCAN16-AS1	CDC25B	KIF14	UFM1	LRRIQ1	BCAR3	MYEF2	NHS	BARX2	CIT
MACF1	TMEM140	SLC12A2	FMNL2	TMEM106C	FADS3	TSPAN1	CAST	HNRNPU	ZNF100	KIF11	SMCHD1	RAB30	UCP2	CEP55	GOLGB1	ALOX5	CFAP44	SIL1	DNAH5	DACH1	EEF1A2	TNS4	MAGED1	KNL1	GEM	SMIM31	SYTL5	CDC25C	OAS1	DNAH7	GOLT1A	BUB1B	CDK6	ROR1	SMC1A
ANXA2	TKT	ITGB8	ABL1	KLF5	CYP51A1	XRN1	ME1	DPP4	ZNF608	LCA5	PTGR1	SLCO5A1	ABCC4	CTTNBP2NL	CD46	NFKB1	TUT4	NR4A2	LINC01239	A1CF	LINC01184	ANXA2	CXCL8	MRE11	ANXA3	CTNNAL1	SHANK2	KNSTRN	DST	SH3PXD2A	MAML2	CHEK2	PRKCA	CEACAM1	CLSPN
MYCBP2	TXNRD1	ITPR2	ARID4A	ZKSCAN1	ANKRD22	SNX9	TES	SYNE1	SLC44A5	E2F7	SESN1	ABCA5	DOCK4	CAVIN1	TMEM106C	C19orf48	FAM111B	SCG5	STK17A	SPTLC3	MAP2K6	RNF213	CALB2	F5	SDCBP2	OAS3	RGS7	DEPDC1B	ZNF165	AC018618.1	WWOX	SH3BGRL	PRKDC	CTTNBP2	NCAPD3
QPCT	NLRC5	CEP170	GPATCH2	IGF2R	TES	PSAT1	PDLIM7	CAPN2	PDZRN3	KRT17	AC103702.2	STIM2	MBNL2	TMEM139	KIF3A	SSR4	CDK5RAP2	TMPRSS4	PARD3B	SLC12A2	ENAH	ARID5B	SPIRE1	PLA2G4A	PGM5	ITGA6	DNMT3A	CENPF	CAST	ZNF618	MVD	KNL1	SRGAP1	RGCC	ARAP2
KLF10	PSAP	ARID4B	BPTF	TGFB1	AMIGO2	SMARCA1	ACYP2	NT5E	DNMT3A	ZMYM1	UACA	TNS3	TRAF3IP1	AURKA	S100A10	GUSB	MCM10	EPS8	NR4A2	CEP162	HIPK2	HOXB3	ANTXR2	TNRC6A	TMEM263	SCEL	RIMBP2	OIP5	SERPINB1	KIDINS220	EMP1	NEB	PAM	COL17A1	TFDP2
PSMB8	CTSZ	CCNJL	NOSTRIN	ARRDC3	SPTBN1	PDLIM7	TXN	IL18	ELL2	ANLN	PSMB8	PPFIBP2	KCNC3	ABCC1	ITPKC	XBP1	MTSS1	GPX2	HIST1H2AC	BAZ2B	VMP1	STAT1	IGF2R	GSDMB	TMEM238L	KPNA2	EPHA4	GPSM2	ASPH	CAPN9	PARP14	MZT1	LMAN1	PRSS23	MND1
KIF3A	DPP4	DOCK4	SLC2A13	CHD2	SLC9A2	SLC16A4	TBPL1	SPINK1	MBOAT2	KIF2C	DKC1	HPN	BCAR3	ECT2	MTHFD2	DDX60	IFT81	ABL2	BACH1	GPR173	NPSR1	ITGA1	TMEM263	XAF1	LPIN2	TRIM31	PJA2	NEB	SEC61A1	FAM222A	CEACAM1	ANLN	MAOA	ABCC4	NCAPH
TES	QSOX1	DIXDC1	EXOC6B	PSAP	SLC38A2	TMEM97	SPIRE1	ANXA5	LINC01006	DIAPH3	PGM3	C12orf42	FRMD4B	FNDC3A	LGALS3	TSC22D1	RGS2	TNFSF10	PRSS3	HPCAL1	NEB	OPTN	GPX2	FAM174B	CDKN2A	SPINK1	AMOT	INCENP	LPIN2	PLPP1	ABCA1	KIF20B	GPX2	LMAN1	HELLS
ARF4	H2AFZ	TOX3	SMARCA1	PMEPA1	SMCHD1	EMP1	PTGR1	ANXA1	EPHA4	ANXA3	BACE2	ASPH	CHD2	TIPARP	KLF5	XAF1	USP37	BCAS1	ANKRD29	DNAH7	LINC01239	CD46	KLK10	AURKB	FAM102A	SERPINB1	PDZRN3	CHEK2	CLIP4	IL4R	SPINK5	BIRC5	GPRIN3	B2M	NUSAP1
ITGA6	ALOX5	PALLD	CTSC	REV3L	GK	CD9	WHAMM	WDR26	RIMBP2	KLF5	MRPS6	SLC36A4	PHF21A	HMMR	TIPARP	ZNF611	PRIM1	PHLDA2	ARHGEF38	TACC1	KIAA1211	IFIH1	COL17A1	MAML2	GPX2	STK17A	NTM	MKI67	TMCO3	CSRNP3	LINC00685	SYNE2	LPP	TRPS1	TM4SF1
BHLHE41	STXBP4	ABL1	RALGAPA2	SOS1	UGCG	FNDC3A	FBXO32	SERPINB1	RFX3	SDCBP	MPC1	GMDS	CLPTM1L	ZNF143	DNAAF4	SRM	PDE3B	PDZK1	SYNE2	HEPH	ATAD2B	ZNF217	CDA	VMP1	HPCAL1	TM4SF4	KCNH8	GTSE1	SPINK1	ST6GAL1	LINC02300	CDC25C	PLA2G4A	UNG	PARM1
SEZ6L2	RPS6KA2	SLC36A4	CCDC149	PER2	SPAG9	ITM2B	PLA2G16	SELENOW	SLC36A4	SARS	AGR2	FOXP2	ZBTB46	BIRC5	CFTR	CDKN2A	INCENP	PROS1	GSN	KRT8	MAML2	USP37	PLD1	MSH2	JMY	ARRDC4	DTYMK	FAM174B	MAGED1	ARSJ	C4BPB	FAM174B	CA12	LINC00920	CENPN
NR2F1	AC008736.1	CTSC	FIRRE	WHAMM	SLC20A1	IDS	AKR1C3	SEMA3E	AGMO	ANXA1	MGAT5	TRIT1	JAK2	UBE2S	SIL1	MDK	WEE1	MVD	RELB	TEX9	PCLO	FAM102A	ACSS2	MYH14	ACAT2	MSN	ZYX	LINC01572	CLDN1	YPEL1	TRIB1	CPVL	SLC27A2	DNMT3A	NUF2
SELENOW	AAMDC	KDM5B	TUT4	TLE4	SEL1L	KLF5	ARID4B	TCEAL9	MAML3	TUT4	VPS13C	ETS1	PMEPA1	CHD4	ISG15	TGM2	PRRG4	HOPX	GEM	SLC36A4	CEMIP	VMP1	ASPH	JUND	CALB2	JUND	GALNT7	KIF20B	AZGP1	GALNT7	LAMA3	PIMREG	USH1C	NR4A2	EZH2
BMP4	CASP6	PDE3B	SERP2	UBN2	FEM1C	CFH	UGDH	ZNF66	FBXO32	TACC3	GRB10	SHANK2	JPT1	ARRDC3	TRIM2	RSAD2	SKA2	ROR1	BCAS1	ST6GAL1	AL450992.1	TFRC	TRAK2	TNNC2	MVD	LGALS2	IFIT1	DDX10	CTNNAL1	C12orf42	SLC29A4	SGO2	SEMA3A	ISL1	STIL
TM4SF4	MT1E	SSBP3	RARRES1	XRN1	HIST1H2AC	CALU	ITPKA	DECR1	MAP2	PER2	DCBLD2	DECR1	DYNC2H1	CKAP5	MYADM	ITPKC	SSFA2	TSPAN1	F5	CREB5	GMDS	CYP39A1	CCL20	TOP2A	TRIB3	JDP2	TBCK	MIRLET7BHG	TMEM106B	TNS3	SAT1	XAF1	NT5E	IBTK	ZNF704
IDS	SPNS2	SMARCAD1	IL33	KDM6B	PGM3	DDX39A	KIF22	ANXA10	LINC01572	AC103702.2	ZFAND2A	IDH2	TUT4	WDR26	TSC22D1	KIF22	CLSPN	IBTK	EIF5	MCF2L	PARD3B	CTTNBP2NL	ANXA3	DDX60L	SULT2B1	VEGFA	INSR	EDN1	CENPJ	SLC38A11	RABGAP1L	TPX2	TMEM131L	CLEC3A	USP37
SNHG15	ERN1	AKAP9	NOVA1	TSHZ1	LAMA3	HKDC1	SERINC2	SLC3A2	CNTNAP2	TYMP	ABHD2	SFPQ	GRAMD1A	NUF2	CRABP2	CYP3A5	CENPK	HNF4A	LMAN1	ZNF124	ZNF615	CTNNAL1	PLA2R1	TSPAN1	MCUB	PBXIP1	SLCO5A1	HMMR	UBC	PCMTD1	CYP3A5	INCENP	SEMA3E	BCAR3	NSD2
REV3L	TSPAN1	GSDMB	RGS2	MLXIP	DAAM1	CASP6	ASNS	LGALS4	MS4A8	OIP5	SEC24D	IFT81	CREB3L4	EEFSEC	SEMA3C	ZBTB46	CDC45	NFKBIZ	ASPH	HIPK2	HNF1B	TLE4	DST	PERP	SMIM31	LGALS4	RGS12	NCAPG	CMSS1	SPTLC3	ANKRD29	BORA	CREB3L1	MAP4K4	LMNB1
IFT81	CTH	KIAA1549	ZNF480	FAM214A	GPCPD1	TXNRD1	ARHGAP18	SRM	TFDP2	LURAP1L	ITGA3	PTPRN2	CLEC3A	CENPE	HNF4A	ATF5	NR4A1	IVNS1ABP	CDKN2A	SPATA17	SORBS2	SP110	EREG	SH3KBP1	MAGED1	CAST	ARID3A	BIRC5	ZSCAN16-AS1	TNFRSF11B	KCNC3	DLGAP5	MAP3K4	MBOAT2	KNL1
DSP	SESN2	COBLL1	GMPR	POMP	CBLB	ACTG1	NCOA7	ARID3A	JAKMIP2	ACER3	WHAMM	LINC01006	SNHG15	BUB1B	PCMTD1	FRMD4B	EMP3	UNG	TMEM131L	FMNL2	CTSL	MIRLET7BHG	NCL	TMEM134	SERPINB5	ACSL5	GAS2L3	GAS2L3	UGDH	DIXDC1	MDK	CKAP2	RPS27A	RELB	BUB1B
TOP1	NEAT1	SMARCA1	FLG	SLC40A1	RASEF	HSP90B1	DDX39A	XRCC4	PGAP1	GFPT1	CREB3L2	SYT17	RPS6KA2	SDCBP	EEFSEC	GCHFR	ZNF680	IQGAP2	SLC3A1	KCNH8	ITGB6	ARGLU1	RELB	DNAJC9	PLEK2	MAN1A1	GALNT1	ITGA1	ATF3	FOXP2	IFIT1	EDN1	PYGB	SERPINE1	SKA2
IFITM3	GARS	RGS12	PSMB8	HNRNPAB	DNAJC3	DAAM1	ARID4A	TNFSF15	BLMH	NEDD9	IFITM3	LNX1	UBN2	PMEPA1	SMARCA1	ARRDC4	MND1	PROM1	H2AFJ	AC018618.1	RARRES1	SLC40A1	SNCG	HERC6	ODC1	ARHGDIB	STK17A	CENPN	DNAJC3	NAV1	RELB	OAS2	ONECUT2	GNE	ITGB3BP
SMARCA1	SLC12A7	TSC22D1	CEP170	KDM5B	STARD4	C4orf48	CAB39L	CHPF	DLL1	HJURP	UBA5	FBXO32	CD9	PTTG1	SYTL2	CTSZ	GGH	IFRD1	ETS2	NTN4	IL33	IP6K2	TMCO3	MCM3	OSER1	TAF15	SLC44A5	CKAP2	NTN4	NEURL1	ZNRF3	ANXA10	INSR	SLC29A4	MKI67
AFF4	HNRNPAB	KIF3C	TOP1	DOPEY1	MACF1	CYP3A5	SESN2	NRP1	TSPAN5	XRN1	DNAJC10	GSTA4	CBFA2T2	IGF2R	SIDT2	IDH2	E2F1	TUBB	PGM5	ZNF618	F5	XRN1	AKR1B10	PLK2	ANXA5	H2AFJ	NREP	CDCA8	JUND	HPN	PADI1	GAS2L3	IGF1R	AZGP1	TMPO
ITM2B	FOSL1	ZNF708	NBAS	TIPARP	LNX1	ARID4A	ISG15	DLGAP1-AS2	RFX6	CENPE	SLC7A11	HIPK2	FNBP1	ACTB	MBNL2	TCEAL9	SLC16A4	NHS	COL17A1	SHANK2	ZKSCAN1	ADGRG6	MAPK6	ITGAV	ME1	SLC7A5	ZNF260	LINC02432	MAPK6	CCDC125	TFPI	SOGA1	ZMYM2	PAM	PARP1
SLC7A1	PERP	LARGE2	MAML3	SLC1A5	GARS	PSME4	SSFA2	ARHGDIB	FSIP2	PHIP	SESN2	DNMT3A	NUDT4	TOP1	LAMB3	SERP2	PRKDC	ERN2	MT2A	EREG	SLC38A11	TANK	HNRNPH1	KNSTRN	DUSP5	HSPA5	SORBS2	DLGAP5	NASP	RAB30	DDX10	MIRLET7BHG	HMGA1	MTUS2	DTYMK
FAM210A	KLF10	SORBS2	CEP126	ITM2B	IL6R	RABAC1	PRSS3	AXL	ZNF273	MIS18BP1	ANKRD12	SLC16A7	FRY	TROAP	F5	BIRC3	NEDD9	FBP1	MAD2L1	RAB30	LPIN1	TSHZ1	CBLB	HMGCS1	CENPK	SPTBN1	EXOSC8	NCAPD2	PELI2	DLL1	CRYBG1	ECT2	ADGRG6	PGM2L1	XRCC2
TRIM24	AMN1	GALNT1	FAM107B	SRM	ZNF292	FHL2	TOX3	NAT14	ACYP2	NEDD4	GK	PLPP1	SLC14A1	ALDH7A1	SDCBP	KLK11	NCAPG	ARHGAP29	PKIB	C20orf96	MAOA	BRWD3	HMGA1	DDX58	ASS1	LINC00467	LRRIQ1	TNFSF10	H2AFJ	MAP4K4	VSIG10L	ISL1	ITGAV	FAM198B	KIF20B
DUSP5	POMP	DLL1	CEP290	TUT4	ERN1	TAF15	PSAT1	MSN	MAN1A1	GLIPR1	COL18A1	MYO1B	AC103702.2	MIRLET7BHG	TES	CLIC3	ECT2	PARD3B	UPP1	MAP2K6	LMAN1	FAT1	RABGAP1L	SLC29A4	GFPT1	SERPINA1	CPLANE1	MIS18BP1	ATP1B3	CABLES2	PGM2L1	KIF18A	FNDC3B	OASL	SMCHD1
LGALS3	WHAMM	KIF3A	AOC1	WDR26	FDPS	PARP14	HNF1B	ITGAV	CTPS2	PDE3B	SRM	RGS12	PSMB8	NR2F2	ITGA6	KIF3A	SPDEF	NCL	UNG	GNAI1	TSHZ2	PMEPA1	SLC38A1	ARFGAP3	EPSTI1	CDC25B	FOXP2	SEMA3C	ZNF432	GNE	ARSE	SLC40A1	TBXAS1	SSFA2	KITLG
ST3GAL1	TOMM40	TMCC1	ITGA2	AGR2	HMGCR	SMARCAD1	PSME4	CCDC28B	ALCAM	CDK5RAP2	GOLGA3	SOGA1	GPRC5A	ITM2B	BDNF	ZSWIM8	AC103702.2	HSD17B2	MALAT1	NAV1	NFATC2	GNAI1	IMPA2	MX1	ARHGAP18	PLA2G4C	CSRNP3	KIF2C	MAP2	ZNF124	NCOA7	HOXA3	MYO10	SPTBN1	POLQ
FRMD4B	TECPR1	CTGF	TBXAS1	IGF1R	RAD21	ZNF143	LYPD6B	IFT81	HID1	PARPBP	BLVRB	TRAF3IP1	ITM2B	TAP1	NCOA7	CRABP2	TFDP2	INSIG1	HEPH	CREB3L1	TFPI	KDM5B	FOXP2	NCAPG	ICK	DNAJC12	YPEL1	HERC6	GALNT5	ABL2	UNG	AURKA	MYCBP2	IFI44	WDR76
SYTL2	QPCT	TSPAN13	ATXN1	HMGN2	UNC5B	CTSC	GARS	GBP2	IGSF10	NCAPH	UBN2	GPR153	DYNLL1	ATP1B3	RND3	CDC25B	UBE2T	LINC01239	SCG5	ASRGL1	AGR3	ALDH1A1	TXNRD1	EHF	GOLT1A	ANO3	CTPS2	HMGN2	RIF1	RGS7	BARX2	LPP	TSPAN8	RNF213	HMGB2
ATXN1	BCL10	EXOC6B	SCIN	TRIM2	COL18A1	SEC11C	DDIT3	CDKN2B	SUSD6	SMC4	CDCP1	CXXC4	PTPRO	GPSM2	SYNRG	AAMDC	MELK	A1CF	ITGA1	L3MBTL3	CMSS1	MCM4	HIST1H2AC	ALDH7A1	HID1	AXL	PCLO	LMNB1	TTC3	ASRGL1	TNFSF10	KIF2C	ZNRF3	GRAMD1C	DNAJC1
TRIB1	GCHFR	KCNH8	MARCH3	PMPCA	GOLGA3	ANXA1	MTSS1	SEZ6L2	DOCK4	SYTL1	TAP1	ZNF708	FGD6	KLF10	XRN1	ULK1	MCM3	FIRRE	MYLK	RCN2	KRT8	TNRC6B	EIF5	AC092069.1	IMPA2	SLFN5	PDE5A	DEPDC1	CCPG1	RIMBP2	PHF1	PTK7	SLC22A23	CTSS	SASS6
SEC11C	ENG	CXXC4	ZNF708	ARF4	SEMA3B	FBXO32	SARS	SERPINE2	NEURL1	NASP	SERPINB1	ATP2A3	CDCP1	WHAMM	TRIM24	S100A10	C19orf48	USH1C	TNFSF10	ITGB8	TTR	WDR26	EPS8	NCAPD3	TCP11L2	AK9	CXXC4	FOXM1	HSPH1	TXNIP	PHGR1	TFRC	MGAM2	RARRES3	LRRCC1
NR4A1	CRABP2	SLC16A7	CD46	TANK	COL16A1	DNAJC10	MCM5	EMP3	ZNF253	AURKA	GLMN	SLC44A5	RGS2	ID2	IP6K2	WNT4	ADGRG6	MYH14	HIST1H2BC	ARSJ	MYO10	LAP3	DNAJC9	CTSC	NNMT	NTN4	BCAM	CCNB2	ATP2B4	SYT17	JPT1	ARHGAP11A	TTC3	SCG5	INSR
PHF21A	GLA	BAZ2B	CCDC34	MGME1	SEL1L3	NRP1	PCMTD1	SCEL	PCMTD1	DCBLD2	PDS5B	MCTP2	IFT81	HLA-C	CHRM3	TKT	E2F3	LDLR	PLK3	LINC01184	ZNF737	GOLGB1	SEMA3B	GFPT1	UGDH	PPL	ELMO1	PRC1	ZNF217	PTPRN2	SPRY1	CCDC88A	INPP4B	NFATC2	NDC80
KRT19	SESN1	IFT81	CA2	GOLGB1	NDRG1	ANXA2	EPS8	MUC5AC	SYT17	MFGE8	FAM210A	E2F3	CRYBG1	ZC3HAV1	ANKRD12	SELENOW	SLC4A7	CA12	XRCC4	SLCO5A1	UTRN	GARS	JPT1	ITGA6	PYGB	CLDN1	BARX2	DDX60L	PTGR1	ZNF273	EDN1	GTSE1	LPIN2	SCD	POC1A
COL27A1	FHL2	MYO1B	SPATA17	ABCC1	NEDD4	RASSF6	PKIB	ZNF32	ETV1	CKAP2	ARGLU1	AUTS2	CRABP2	BPTF	FNDC3A	RABGAP1L	CKAP5	TSHZ2	HMGN3	PCLO	SLC12A2	ABL2	F5	ANO1	PLK1	FA2H	C20orf96	IFIT3	ARGLU1	VMP1	DNMT3A	VSIG2	SMARCC1	TM4SF1	PCNT
ISG15	MAST4	ADAM22	SMOX	TAF1D	LGR4	GARS	CSE1L	ATXN1	SPATA17	TAF15	QPCT	STXBP4	SSFA2	CHD6	FRY	CBFA2T2	TK1	FAT1	ARMC2	VMP1	ST6GAL1	HELLS	IFRD1	RPAP2	CLIP2	LAMB3	ARRDC4	PIMREG	CALU	TOX	SH3KBP1	CKAP5	ABCC4	GOLGB1	PLK4
SDCBP	PGP	PPFIBP2	GPATCH3	HOXA3	SSFA2	GOLGB1	EZH2	MET	NREP	KRT80	NEDD4	PHF21A	NRGN	SEZ6L2	FRMD4B	BTN3A1	BPTF	TUBA1B	RPS27A	MYO1B	SMIM31	LNX1	HMGCR	VSIG2	LEMD1	ANXA3	KIAA1324	XAF1	INPP4B	ABCA1	WNT11	PLEKHH2	TRNP1	KCNC3	TIMELESS
GPRC5A	AC103702.2	ARSJ	ALCAM	TMEM139	ANXA3	MALAT1	RASEF	AAMDC	MTUS2	FYN	SNX9	TSPAN13	SMCHD1	EXPH5	CA12	BHLHE41	KIF11	IFIT3	IMPA2	SLC22A23	MLPH	IGF1R	STK17A	PRKDC	GULP1	LRRC49	ZNF736	RAD21	RCN2	MYO1B	ENC1	NFKBIA	CHD6	PODXL	ECT2
MACC1	STAT2	SOS1	AUTS2	AHNAK	ERO1A	FRMD4B	C12orf49	PLEKHA4	CEP162	NUF2	UBC	L3MBTL3	ADGRF1	FAM83D	WHAMM	RAB7B	HSP90B1	NFKBIA	HS3ST1	CREBRF	FXYD3	PIK3AP1	NPSR1	SPC25	MAP1LC3B	ZFP36L1	MATN2	MT2A	SLC38A1	GMDS	RSAD2	FTL	GOLT1A	LAMA3	CENPW
TMEM184A	TMC5	NOVA1	BMP4	TGIF1	MAPK6	SYTL2	ANXA1	AGR3	SH3PXD2A	PSMB8	FDPS	BAZ2B	CEACAM1	F2R	RHOD	PSMB9	SRCIN1	STK17A	ACAT2	PERP	ACYP2	EFNB2	PARD3B	BCAS1	EHF	TANK	UBALD2	ANXA13	MRE11	NOVA1	IFIT3	PGM2L1	MAML2	MUC16	AURKB
GSDMB	CPEB4	LINC01184	ITM2B	ARGLU1	HSPA5	EHF	XRCC4	CD9	REV3L	IDS	ERN1	RAB37	PRNP	CREB3L2	FYN	TRIM5	SMC4	TUBA1A	NTN4	SLC29A4	MPP7	FBXO32	JUND	CALU	PLD1	MYH14	BTN3A1	TM4SF1	ANKRD29	SLC36A4	XAF1	MVD	MCM6	VSIG10L	RMI1
SSR4	EGLN3	TEX9	SSFA2	CTTNBP2NL	HSPH1	IFT81	CALB2	TXN	CA8	CNTRL	AMN1	CHD6	AC008736.1	ZNF292	TBCK	BAG1	ITM2B	NPSR1	TUBA1A	TM4SF1	ABL2	MBNL2	SPAG9	CALB2	MND1	DNMT3A	MACROD2	IFI6	SEL1L	FKBP7	TMEM154	CTSS	SOX6	SPINK5	DPYSL2
MRPS6	SLC7A1	PROM1	MBNL2	PTK7	HKDC1	IFITM3	CDK1	ATP9A	KIDINS220	KNL1	ASF1A	ZYX	ZNRF3	CDC25C	SHF	SLC15A3	H2AFV	KRT19	SLC29A4	LMAN1	CALD1	IFIT1	XRCC4	MYOF	TESC	CTSC	CEP70	TMPO	SPIRE1	PJA2	AL031777.3	SQLE	MYLK	EPS8	CYP2S1
BHLHE40	FDPS	DYNC2H1	SOX6	TRIM24	SPIRE1	FLNA	PHGDH	AGR2	PPP1R14C	JADE1	SERPINE2	ARID4B	CEP290	PDS5B	EPS8L1	TRIM22	SEZ6L2	RPL22L1	ABHD2	ENAH	TMEM263	HOXA11-AS	HKDC1	CENPF	ANXA10	SYNE1	SYT13	IKBIP	MIR222HG	DECR1	SCD	KIF20A	ATP9A	RAB37	NUCKS1
CHRM3	BATF2	ZNF680	VPS13A	BPTF	GPATCH3	CD46	KDM3A	ITGA6	VPS13A	TNNT1	DST	NFKB1	GJB1	IRF7	ATP2B1	LINC02300	KPNA2	MAML2	AKAP12	SMIM31	NEBL	HOXA3	ACSL3	GALNT5	IFIT2	ATF3	RAB26	NT5E	CADPS2	IRAK1BP1	GIPR	ZNF165	FAM174B	ITGAV	BLM
UCP2	RGS2	CFAP44	SLC4A7	CREB1	KRT80	MACF1	TMEM139	TRIM54	KIAA1324	SESN1	SYTL1	ROBO2	ATXN7L1	SEC61A1	COL27A1	NEAT1	QPCT	TRAM1	A1CF	ADAM22	TCEA3	ITGAV	GPAT3	FRY	S100A10	AL450992.1	VMP1	TOP2A	CDKN2B	FNBP1L	HMGCS1	STIL	TEX9	SPRY1	SMC6
NR2F2	HPCAL1	ZNF608	MYCBP2	ACTG1	UFM1	ZNF611	BBC3	LGALS3	NOVA1	BUB1	CAB39L	CCNJL	NR2F2	HOXA11-AS	A4GALT	TRIM54	C12orf57	SBSPON	TM4SF4	AGMO	ZNF618	TRIM31	TESC	TBXAS1	BTBD16	GOLT1A	KIF3C	CDC42EP5	KLHL24	COBLL1	PPARG	LINC02432	TMC5	ZBTB20	CENPM
ERG28	KDELR3	STARD4	TSC22D1	NR1D2	SC5D	SNHG8	LGALS3	LINC01239	TRIT1	SESTD1	FAM214A	CACNA2D2	NCOA7	RGS12	SULT2B1	AMBP	MACC1	ITGA1	ZNF165	PTK7	MSH2	TRANK1	LMAN1	SH3BGRL	OPTN	ANXA10	MYC	KIF18A	GK	TUBA1A	SPTBN1	UBE2S	ZFHX3	HERC6	NCAPD2
KRT17	SDCBP	AFF4	LPCAT1	FOXA1	DNAJC12	ITGA2	GULP1	TMCO3	ITGB8	CEP55	FEM1C	ASF1A	A4GALT	MYLIP	SLC4A7	RGS2	SELENOW	F5	UACA	AKAP7	IL4R	XXYLT1-AS2	ABHD2	MCM4	GNE	SDC4	ABCA1	MAML2	IGF2R	ZNF737	IGFBP2	IKBIP	AL445524.1	ARHGAP18	RELB
TOX3	ATF3	CCNG2	MCTP1	PIK3R1	PDS5B	BAZ1A	GPX2	HLA-A	OTULINL	CD46	IGFL2-AS1	NEURL1	AGR2	TPX2	CLRN3	SPNS2	CENPJ	COL27A1	VSIG10L	TNS3	SEMA3E	MIA3	MCTP1	ACAT2	PHLDA2	ANXA2	SH3PXD2A	FAM83D	TSPAN8	CA8	PLA2R1	HSD17B2	CTTNBP2	HDAC9	DTL
PERP	PLOD2	ABCC1	PKDCC	GABPB1-AS1	ELL2	CHD4	UBE2C	HYOU1	APH1B	AMN1	MAGED1	JAKMIP2	PER2	LIPG	FHL2	PLEKHA4	TTC21B	CFAP44	GPATCH2	KCNK1	PTGR1	LDLR	SPTBN1	BCAM	CAV1	CCNE1	ANKRD26	MCM10	SH3KBP1	SORBS2	IFT74	TOP2A	LINC01184	HERC5	BARD1
CKS2	KLK11	CNKSR3	ISG15	KRT8	RPS6KA5	APOL6	TIPARP	PLAUR	SLC29A4	H2AFV	SDCBP	RAMP1	FNDC3A	KDELR3	KRT19	BACH1	NASP	SAT1	CEMIP	MACROD2	PLD1	IFRD1	ITGAV	KIF11	PEPD	MIR222HG	SSBP3	GPRIN3	SERPINE2	GOLT1A	SGK1	AL031777.3	MLXIP	BTBD16	RPS27A
DAAM1	EPHX1	KDM4B	IFITM3	KDELR3	QPCT	PELI1	CTTNBP2NL	COTL1	PSMB8	ISG15	AKR1C3	PCMTD1	RGCC	JMY	PSAP	SPTBN2	XRCC4	PHGR1	INPP4B	DEPTOR	PRKCA	MYLIP	PRSS3	HACD3	PLA2G4C	NEDD1	KLK12	SRCIN1	CHPF	DDX10	CCDC88A	MLXIP	TBC1D32	PPARG	EGFR
CEP290	TNFSF15	PGM3	MAOB	FLNB	SERPINE2	GPAT3	FAM107B	IGF2R	NAV1	SYTL2	SSR4	PLCB4	FLNB	KDM3A	PSMB8	RASSF9	SPC25	ARMC9	PYGB	NFKBIA	DNAAF4	CREBRF	TMEM41B	CHEK2	UPP1	CEACAM1	TCTN1	POLQ	LAP3	PAPSS2	ZNF217	BRD8	SH3BGRL	DYNC2H1	TOP2A
YPEL2	TRIM24	IFT122	SHANK2	LGALS3	PNRC1	TRIM24	CHEK1	SYTL2	DLL4	TRIB3	ATP9A	NCALD	UNC5B	KIF14	ARF4	PDLIM7	MCM6	RPS27A	C6orf222	DBN1	AKAP7	ARHGAP29	ACAT2	CYP39A1	CSE1L	TGFB2	PKD2	SAMHD1	NEDD4	IMPA2	TUBB	TRIM56	RAP1GAP	TMPRSS4	KIFC1
IRF7	COL16A1	CBFA2T2	CRABP2	ATP1B3	LPIN1	ERN1	GCLM	PLK2	ABL1	STMN1	FOXO3	TXN	EMP1	MGME1	IFITM3	RANBP1	BLM	ITGB6	CAV2	EDN1	LRP8	SAMHD1	GOLT1A	PGM2L1	NCAPH	ZNF66	OR51E1	CTSS	POMP	CRYBG1	RPL22L1	EIF5	SMIM31	SPTLC3	CIP2A
RGS2	BHLHE41	PLCL2	MLF1	MYB	ULK1	KDELR3	CCNG2	LAT2	SESN3	PSAT1	DBF4	SORL1	RABAC1	BRD8	CDH17	AMN1	NCAPH	GBP1	AKR1B10	PROM1	TRIM54	FNBP1L	TRAM1	OAS1	DNAJC15	FAAH2	PLCL2	SPDL1	SAMD9	PROS1	NHS	HSP90B1	MAP2K6	GOLT1A	BRCA2
FNDC3A	FTH1	HIPK2	CPLANE1	KRT18	SPINK1	AGR2	PSMB9	NNMT	TBPL1	SYNRG	MAP2	GPR173	ANXA1	CIP2A	AFF4	HIST1H2BC	SDCBP	UTRN	WNT2B	ABL2	PXDC1	ITGA2	ZNF165	MSN	TANK	NNMT	LNX1	ZNF217	NOP56	SLC29A4	HOXB3	DZIP3	TNFSF10	ZNF217	DSCC1
ID2	SLC38A2	FYN	CLSTN3	KDM3A	GPAT3	TFRC	AC103702.2	DAB2	HPN	XRCC4	SEL1L3	PROS1	EPHB6	SKA2	MPC2	LAMB3	KIF20B	MSN	MAOB	DPYSL2	SLC22A23	UPP1	DNAJC3	IBTK	BARX2	SESN2	ZNF273	AURKA	CCL20	ATP1B1	PLK3	RANGAP1	ITGA1	HOXB-AS3	PRC1
GDF15	FLNA	NAT14	ACYP2	MYLIP	AKR1C3	BHLHE41	SCIN	LRRC49	MACROD2	RPS6KA5	PARP14	ZNF292	AKR7A3	INTU	SELENOW	IFI6	MYRFL	CREB3L1	DAB2	SIDT1	AMOT	ZKSCAN1	SAT1	SERPINB1	HJURP	VSIG2	FOXA3	RTKN2	ACYP2	ARID3A	HMGA1	ARSE	HELLS	PIK3AP1	TTF2
TAP1	ZSWIM8	FBXO32	BAZ1A	HLA-C	ACAT2	VPS13C	KPNA2	DNAJB9	IDH2	NUCKS1	HSP90B1	KDM4B	QPCT	TSPYL2	ATXN1	CRACR2B	MAML3	IL6ST	S100A10	CCDC125	SCN9A	MAN1A1	TBXAS1	SQLE	NEBL	TEX9	MID1	SLC1A1	SPTSSB	CD46	CTTNBP2	DIAPH3	ADAMTS6	DDX10	CENPH
EREG	TMEM238L	MARCH3	COL27A1	HOXB-AS3	LYPD6B	SMARCC1	BAZ1A	DYNC1H1	GPR173	MAGT1	ACSL5	AC005833.1	EEF1A2	RHOF	TGFB1	TRANK1	GPATCH3	RAP1GAP	MOGAT3	INSIG1	HMGCS2	BRI3BP	GNE	MAN1A1	SESN3	ANXA5	PAPSS2	LBR	MGAT5	NUDT8	EEA1	ANP32E	KCNK1	PMAIP1	PTBP2
GLMN	MSN	TOX	KIF3A	ENAH	CLIC3	KDM4B	WEE1	SDC4	PELI2	WEE1	TOMM40	ZNF273	SLC9A2	PIF1	NIPSNAP1	DNAJC15	GUSB	C12orf42	MIR222HG	YPEL1	FTL	TRIM56	NR0B2	SP100	CCL20	MACC1	ZNF708	CDK5RAP2	FAM198B	ERLEC1	CDCA7	SKA2	LGALS2	CD55	IDH2
FEM1C	S100A11	SPTBN2	MAGI1	PTPN13	GFPT1	GABPB1-AS1	CASP6	EIF5	LNX1	RGS2	NFIL3	MPP7	EDEM3	AL031777.3	EZH2	GJB3	MACROD2	TMEM263	DNAJC9	CTPS2	FOXP4	HNRNPAB	SH3KBP1	ITGA1	EIF4EBP1	SLC3A1	CCNG2	CEP70	B2M	TFDP2	BTBD16	LMO7	CEACAM1	MBNL2	DDX10
MTHFD2	ABHD2	ITSN2	GSDMB	FBXO32	COBLL1	LGALS3	KLK1	SLC2A2	PHIP	CEP290	SPINK1	PDE3B	STARD4	KPNA2	CREB1	OAS1	ZNF704	NUCB2	CREB5	LGALS4	SESN3	DHRS3	VNN1	CLSPN	BHLHE40	CEMIP	PALLD	ASRGL1	DKC1	TEAD2	TYMS	CDC20	SH3RF1	C6orf222	CKAP2
ARID4A	IL6R	SHANK2	KRCC1	TAP1	SARS	BHLHE40	ROCK2	ATF5	SERP2	COBLL1	FLNB	KDM5B	SMARCA1	UBN2	LRIG1	SLC7A1	NCS1	DNAH5	LRP8	OR51E1	PTBP2	PDGFB	SNTB1	FRAS1	PNPLA8	HNF1B	DDX10	SKAP1	TMEM238L	AMOT	PLA2G16	FUCA1	PROM1	LINC02300	MAML2
CRABP2	ACTG1	KDM7A	LURAP1L	CRABP2	OPTN	PPARG	IFIH1	ABHD2	HOXA11-AS	HSP90B1	TMEM41B	C19orf48	BMP4	AGR2	HOXA11-AS	ZNF480	KIF3A	VPS13A	HDAC9	CTNNBIP1	SMOX	ERO1A	RPS27A	BUB1	CTNNAL1	TMEM140	CAPN9	CFTR	DNAJC12	KCNH8	ZMYM2	ITGA1	FAM13A	LINC00685	TPX2
CYP51A1	CRACR2B	ADAM28	KCTD3	IFT122	TXNRD1	JPT1	ASF1A	PAPSS2	E2F7	RAD21	IL6R	CEP170	TRIM24	TGFB1	USH1C	HOXB-AS3	MCM2	ZMYM2	BCAR3	C12orf42	SP100	AL445524.1	LINC00685	GPRIN3	MTHFD2	ZBTB46	EDEM3	CCDC88A	PRKDC	SSBP3	NUDT4	DKK1	EPSTI1	PHF1	KIF23
KLF5	BHLHE40	CD46	MACC1	ETS2	UACA	FAM83B	GPATCH3	KDELR3	TUT4	CENPN	RAD21	TRIM5	DAPP1	RGS2	JDP2	JPT1	NR2F2	LINC01184	SEMA3E	TCTN1	CTSC	STAT2	AHNAK2	SCIN	LGALS2	IFI16	TMEM132A	BORA	YPEL5	LRRC49	HOXA3	ZNF217	TCEA3	SKAP1	CFTR
